Programme,Provider,Provider_URL,Programme_URL
Abattoir worker(level 2),MERCURI INTERNATIONAL (UK) LIMITED,https://findapprenticeshiptraining.apprenticeships.education.gov.uk/courses/274/providers/10056013?distance=10,https://findapprenticeshiptraining.apprenticeships.education.gov.uk/courses/274
Abattoir worker(level 2),WORKFORCE TRAINING & DEVELOPMENT LTD,https://findapprenticeshiptraining.apprenticeships.education.gov.uk/courses/274/providers/10027269?distance=10,https://findapprenticeshiptraining.apprenticeships.education.gov.uk/courses/274
Academic professional(level 7),QUEEN MARY UNIVERSITY OF LONDON,https://findapprenticeshiptraining.apprenticeships.education.gov.uk/courses/272/providers/10007775?distance=10,https://findapprenticeshiptraining.apprenticeships.education.gov.uk/courses/272
Academic professional(level 7),UNIVERSITY OF EXETER,https://findapprenticeshiptraining.apprenticeships.education.gov.uk/courses/272/providers/10007792?distance=10,https://findapprenticeshiptraining.apprenticeships.education.gov.uk/courses/272
Academic professional(level 7),UNIVERSITY OF DERBY,https://findapprenticeshiptraining.apprenticeships.education.gov.uk/courses/272/providers/10007851?distance=10,https://findapprenticeshiptraining.apprenticeships.education.gov.uk/courses/272
Academic professional(level 7),NOTTINGHAM TRENT UNIVERSITY,https://findapprenticeshiptraining.apprenticeships.education.gov.uk/courses/272/providers/10004797?distance=10,https://findapprenticeshiptraining.apprenticeships.education.gov.uk/courses/272
Academic professional(level 7),UNIVERSITY OF KEELE,https://findapprenticeshiptraining.apprenticeships.education.gov.uk/courses/272/providers/10007767?distance=10,https://findapprenticeshiptraining.apprenticeships.education.gov.uk/courses/272
Academic professional(level 7),OXFORD HEALTH NHS FOUNDATION TRUST,https://findapprenticeshiptraining.apprenticeships.education.gov.uk/courses/272/providers/10021243?distance=10,https://findapprenticeshiptraining.apprenticeships.education.gov.uk/courses/272
Academic professional(level 7),UNIVERSITY OF EAST LONDON,https://findapprenticeshiptraining.apprenticeships.education.gov.uk/courses/272/providers/10007144?distance=10,https://findapprenticeshiptraining.apprenticeships.education.gov.uk/courses/272
Academic professional(level 7),UNIVERSITY OF GLOUCESTERSHIRE,https://findapprenticeshiptraining.apprenticeships.education.gov.uk/courses/272/providers/10007145?distance=10,https://findapprenticeshiptraining.apprenticeships.education.gov.uk/courses/272
Academic professional(level 7),MIDDLESEX UNIVERSITY,https://findapprenticeshiptraining.apprenticeships.education.gov.uk/courses/272/providers/10004351?distance=10,https://findapprenticeshiptraining.apprenticeships.education.gov.uk/courses/272
Academic professional(level 7),STAFFORDSHIRE UNIVERSITY,https://findapprenticeshiptraining.apprenticeships.education.gov.uk/courses/272/providers/10006299?distance=10,https://findapprenticeshiptraining.apprenticeships.education.gov.uk/courses/272
Accident repair technician(level 3),BLACKPOOL AND THE FYLDE COLLEGE,https://findapprenticeshiptraining.apprenticeships.education.gov.uk/courses/176/providers/10000754?distance=10,https://findapprenticeshiptraining.apprenticeships.education.gov.uk/courses/176
Accident repair technician(level 3),BRIDGWATER AND TAUNTON COLLEGE,https://findapprenticeshiptraining.apprenticeships.education.gov.uk/courses/176/providers/10000878?distance=10,https://findapprenticeshiptraining.apprenticeships.education.gov.uk/courses/176
Accident repair technician(level 3),NOTTINGHAM COLLEGE,https://findapprenticeshiptraining.apprenticeships.education.gov.uk/courses/176/providers/10004577?distance=10,https://findapprenticeshiptraining.apprenticeships.education.gov.uk/courses/176
Accident repair technician(level 3),NEW CITY COLLEGE,https://findapprenticeshiptraining.apprenticeships.education.gov.uk/courses/176/providers/10006963?distance=10,https://findapprenticeshiptraining.apprenticeships.education.gov.uk/courses/176
Accident repair technician(level 3),S & B AUTOMOTIVE ACADEMY LIMITED,https://findapprenticeshiptraining.apprenticeships.education.gov.uk/courses/176/providers/10005599?distance=10,https://findapprenticeshiptraining.apprenticeships.education.gov.uk/courses/176
Accident repair technician(level 3),TEC PARTNERSHIP,https://findapprenticeshiptraining.apprenticeships.education.gov.uk/courses/176/providers/10007938?distance=10,https://findapprenticeshiptraining.apprenticeships.education.gov.uk/courses/176
Accident repair technician(level 3),INSPIRO LEARNING LIMITED,https://findapprenticeshiptraining.apprenticeships.education.gov.uk/courses/176/providers/10037348?distance=10,https://findapprenticeshiptraining.apprenticeships.education.gov.uk/courses/176
Accident repair technician(level 3),CALEX UK LTD,https://findapprenticeshiptraining.apprenticeships.education.gov.uk/courses/176/providers/10019065?distance=10,https://findapprenticeshiptraining.apprenticeships.education.gov.uk/courses/176
Accident repair technician(level 3),EAST SUSSEX COLLEGE GROUP,https://findapprenticeshiptraining.apprenticeships.education.gov.uk/courses/176/providers/10002923?distance=10,https://findapprenticeshiptraining.apprenticeships.education.gov.uk/courses/176
Accountancy or taxation professional(level 7),REED BUSINESS SCHOOL LIMITED,https://findapprenticeshiptraining.apprenticeships.education.gov.uk/courses/204/providers/10005422?distance=10,https://findapprenticeshiptraining.apprenticeships.education.gov.uk/courses/204
Accountancy or taxation professional(level 7),CIPFA BUSINESS LIMITED,https://findapprenticeshiptraining.apprenticeships.education.gov.uk/courses/204/providers/10063574?distance=10,https://findapprenticeshiptraining.apprenticeships.education.gov.uk/courses/204
Accountancy or taxation professional(level 7),FIRST INTUITION LEEDS LIMITED,https://findapprenticeshiptraining.apprenticeships.education.gov.uk/courses/204/providers/10056050?distance=10,https://findapprenticeshiptraining.apprenticeships.education.gov.uk/courses/204
Accountancy or taxation professional(level 7),FIRST INTUITION CAMBRIDGE LIMITED,https://findapprenticeshiptraining.apprenticeships.education.gov.uk/courses/204/providers/10030926?distance=10,https://findapprenticeshiptraining.apprenticeships.education.gov.uk/courses/204
Accountancy or taxation professional(level 7),FIRST INTUITION SOUTH LIMITED,https://findapprenticeshiptraining.apprenticeships.education.gov.uk/courses/204/providers/10040718?distance=10,https://findapprenticeshiptraining.apprenticeships.education.gov.uk/courses/204
Accountancy or taxation professional(level 7),HTFT PARTNERSHIP LIMITED,https://findapprenticeshiptraining.apprenticeships.education.gov.uk/courses/204/providers/10055777?distance=10,https://findapprenticeshiptraining.apprenticeships.education.gov.uk/courses/204
Accountancy or taxation professional(level 7),KAPLAN FINANCIAL LIMITED,https://findapprenticeshiptraining.apprenticeships.education.gov.uk/courses/204/providers/10000446?distance=10,https://findapprenticeshiptraining.apprenticeships.education.gov.uk/courses/204
Accountancy or taxation professional(level 7),BPP PROFESSIONAL EDUCATION LIMITED,https://findapprenticeshiptraining.apprenticeships.education.gov.uk/courses/204/providers/10029952?distance=10,https://findapprenticeshiptraining.apprenticeships.education.gov.uk/courses/204
Accountancy or taxation professional(level 7),FIRST INTUITION LIMITED,https://findapprenticeshiptraining.apprenticeships.education.gov.uk/courses/204/providers/10056738?distance=10,https://findapprenticeshiptraining.apprenticeships.education.gov.uk/courses/204
Accountancy or taxation professional(level 7),FIRST INTUITION CHELMSFORD LIMITED,https://findapprenticeshiptraining.apprenticeships.education.gov.uk/courses/204/providers/10042003?distance=10,https://findapprenticeshiptraining.apprenticeships.education.gov.uk/courses/204
Accounting finance manager(level 6),MANCHESTER METROPOLITAN UNIVERSITY,https://findapprenticeshiptraining.apprenticeships.education.gov.uk/courses/698/providers/10004180?distance=10,https://findapprenticeshiptraining.apprenticeships.education.gov.uk/courses/698
Accounting finance manager(level 6),UNIVERSITY OF EXETER,https://findapprenticeshiptraining.apprenticeships.education.gov.uk/courses/698/providers/10007792?distance=10,https://findapprenticeshiptraining.apprenticeships.education.gov.uk/courses/698
Accounting finance manager(level 6),"UNIVERSITY OF NORTHAMPTON, THE",https://findapprenticeshiptraining.apprenticeships.education.gov.uk/courses/698/providers/10007138?distance=10,https://findapprenticeshiptraining.apprenticeships.education.gov.uk/courses/698
Accounting finance manager(level 6),UNIVERSITY OF CENTRAL LANCASHIRE,https://findapprenticeshiptraining.apprenticeships.education.gov.uk/courses/698/providers/10007141?distance=10,https://findapprenticeshiptraining.apprenticeships.education.gov.uk/courses/698
Accounting finance manager(level 6),TEESSIDE UNIVERSITY,https://findapprenticeshiptraining.apprenticeships.education.gov.uk/courses/698/providers/10007161?distance=10,https://findapprenticeshiptraining.apprenticeships.education.gov.uk/courses/698
Accounting finance manager(level 6),ASTON UNIVERSITY,https://findapprenticeshiptraining.apprenticeships.education.gov.uk/courses/698/providers/10007759?distance=10,https://findapprenticeshiptraining.apprenticeships.education.gov.uk/courses/698
Accounting finance manager(level 6),BOURNEMOUTH UNIVERSITY,https://findapprenticeshiptraining.apprenticeships.education.gov.uk/courses/698/providers/10000824?distance=10,https://findapprenticeshiptraining.apprenticeships.education.gov.uk/courses/698
Accounting finance manager(level 6),THE UNIVERSITY OF CHICHESTER,https://findapprenticeshiptraining.apprenticeships.education.gov.uk/courses/698/providers/10007137?distance=10,https://findapprenticeshiptraining.apprenticeships.education.gov.uk/courses/698
Accounting finance manager(level 6),NORTHEASTERN UNIVERSITY - LONDON,https://findapprenticeshiptraining.apprenticeships.education.gov.uk/courses/698/providers/10048199?distance=10,https://findapprenticeshiptraining.apprenticeships.education.gov.uk/courses/698
Accounts or finance assistant(level 2),"HEREFORDSHIRE, LUDLOW, AND NORTH SHROPSHIRE COLLEGE",https://findapprenticeshiptraining.apprenticeships.education.gov.uk/courses/488/providers/10003023?distance=10,https://findapprenticeshiptraining.apprenticeships.education.gov.uk/courses/488
Accounts or finance assistant(level 2),FIRST INTUITION LEEDS LIMITED,https://findapprenticeshiptraining.apprenticeships.education.gov.uk/courses/488/providers/10056050?distance=10,https://findapprenticeshiptraining.apprenticeships.education.gov.uk/courses/488
Accounts or finance assistant(level 2),HARTLEPOOL COLLEGE OF FURTHER EDUCATION,https://findapprenticeshiptraining.apprenticeships.education.gov.uk/courses/488/providers/10002917?distance=10,https://findapprenticeshiptraining.apprenticeships.education.gov.uk/courses/488
Accounts or finance assistant(level 2),THE GROWTH COMPANY LIMITED,https://findapprenticeshiptraining.apprenticeships.education.gov.uk/courses/488/providers/10004177?distance=10,https://findapprenticeshiptraining.apprenticeships.education.gov.uk/courses/488
Accounts or finance assistant(level 2),BURY COLLEGE,https://findapprenticeshiptraining.apprenticeships.education.gov.uk/courses/488/providers/10001005?distance=10,https://findapprenticeshiptraining.apprenticeships.education.gov.uk/courses/488
Accounts or finance assistant(level 2),WARRINGTON & VALE ROYAL COLLEGE,https://findapprenticeshiptraining.apprenticeships.education.gov.uk/courses/488/providers/10007339?distance=10,https://findapprenticeshiptraining.apprenticeships.education.gov.uk/courses/488
Accounts or finance assistant(level 2),HERTFORD REGIONAL COLLEGE,https://findapprenticeshiptraining.apprenticeships.education.gov.uk/courses/488/providers/10003035?distance=10,https://findapprenticeshiptraining.apprenticeships.education.gov.uk/courses/488
Accounts or finance assistant(level 2),CHESTERFIELD COLLEGE,https://findapprenticeshiptraining.apprenticeships.education.gov.uk/courses/488/providers/10001378?distance=10,https://findapprenticeshiptraining.apprenticeships.education.gov.uk/courses/488
Accounts or finance assistant(level 2),C.M.S. VOCATIONAL TRAINING LIMITED,https://findapprenticeshiptraining.apprenticeships.education.gov.uk/courses/488/providers/10001515?distance=10,https://findapprenticeshiptraining.apprenticeships.education.gov.uk/courses/488
Accounts or finance assistant(level 2),NORFOLK COUNTY COUNCIL,https://findapprenticeshiptraining.apprenticeships.education.gov.uk/courses/488/providers/10004657?distance=10,https://findapprenticeshiptraining.apprenticeships.education.gov.uk/courses/488
Acoustics technician(level 4),Skip to main content,https://findapprenticeshiptraining.apprenticeships.education.gov.uk#main-content,https://findapprenticeshiptraining.apprenticeships.education.gov.uk/courses/463
Acoustics technician(level 4),cookies to collect information,https://findapprenticeshiptraining.apprenticeships.education.gov.uk/cookies-details,https://findapprenticeshiptraining.apprenticeships.education.gov.uk/courses/463
Acoustics technician(level 4),Set cookie preferences,https://findapprenticeshiptraining.apprenticeships.education.gov.uk/cookies,https://findapprenticeshiptraining.apprenticeships.education.gov.uk/courses/463
Acoustics technician(level 4),change your cookie settings,https://findapprenticeshiptraining.apprenticeships.education.gov.uk/cookies,https://findapprenticeshiptraining.apprenticeships.education.gov.uk/courses/463
Acoustics technician(level 4),GOV.UK,https://www.gov.uk,https://findapprenticeshiptraining.apprenticeships.education.gov.uk/courses/463
Acoustics technician(level 4),Find apprenticeship training for your apprentice,https://findapprenticeshiptraining.apprenticeships.education.gov.uk/,https://findapprenticeshiptraining.apprenticeships.education.gov.uk/courses/463
Acoustics technician(level 4),What did you think of this service? (opens in a new tab),https://forms.office.com/e/3fdxa4HbkE,https://findapprenticeshiptraining.apprenticeships.education.gov.uk/courses/463
Acoustics technician(level 4),Course details,https://findapprenticeshiptraining.apprenticeships.education.gov.uk/courses/463?distance=10,https://findapprenticeshiptraining.apprenticeships.education.gov.uk/courses/463
Acoustics technician(level 4),Ask if training providers can run this course,https://accounts.manage-apprenticeships.service.gov.uk/service/?redirectUri=https%3A%2F%2Frequesttraining.manage-apprenticeships.service.gov.uk%2Faccounts%2F%7B%7BhashedAccountId%7D%7D%2Femployer-requests%2Foverview%3FstandardId%3D463%26requestType%3DCourseDetail,https://findapprenticeshiptraining.apprenticeships.education.gov.uk/courses/463
Acoustics technician(level 4),Get help (opens in new tab),https://help.apprenticeships.education.gov.uk/hc/en-gb,https://findapprenticeshiptraining.apprenticeships.education.gov.uk/courses/463
Acoustics technician(level 4),Accessibility,https://findapprenticeshiptraining.apprenticeships.education.gov.uk/accessibility,https://findapprenticeshiptraining.apprenticeships.education.gov.uk/courses/463
Acoustics technician(level 4),Cookies,https://findapprenticeshiptraining.apprenticeships.education.gov.uk/cookies?_gl=1*16ruu4r*_up*MQ..*_ga*MjcyNjU4OTAxLjE3NDE3NzUwMDQ.*_ga_68DT7436CX*MTc0MTc3NTAwMy4xLjEuMTc0MTc3NTAwOS4wLjAuMA..,https://findapprenticeshiptraining.apprenticeships.education.gov.uk/courses/463
Acoustics technician(level 4),Privacy,https://www.gov.uk/government/publications/privacy-information-members-of-the-public/privacy-information-members-of-the-public,https://findapprenticeshiptraining.apprenticeships.education.gov.uk/courses/463
Acoustics technician(level 4),Open Government Licence v3.0,https://www.nationalarchives.gov.uk/doc/open-government-licence/version/3/,https://findapprenticeshiptraining.apprenticeships.education.gov.uk/courses/463
Acoustics technician(level 4),© Crown copyright,https://www.nationalarchives.gov.uk/information-management/re-using-public-sector-information/uk-government-licensing-framework/crown-copyright/,https://findapprenticeshiptraining.apprenticeships.education.gov.uk/courses/463
Actuarial technician(level 4),BPP PROFESSIONAL EDUCATION LIMITED,https://findapprenticeshiptraining.apprenticeships.education.gov.uk/courses/17/providers/10029952?distance=10,https://findapprenticeshiptraining.apprenticeships.education.gov.uk/courses/17
Actuary(level 7),BPP PROFESSIONAL EDUCATION LIMITED,https://findapprenticeshiptraining.apprenticeships.education.gov.uk/courses/255/providers/10029952?distance=10,https://findapprenticeshiptraining.apprenticeships.education.gov.uk/courses/255
Adult care worker(level 2),INSPIRE EDUCATION GROUP,https://findapprenticeshiptraining.apprenticeships.education.gov.uk/courses/119/providers/10005077?distance=10,https://findapprenticeshiptraining.apprenticeships.education.gov.uk/courses/119
Adult care worker(level 2),ASSOCIATED NEIGHBOUR TRAINING LIMITED,https://findapprenticeshiptraining.apprenticeships.education.gov.uk/courses/119/providers/10057050?distance=10,https://findapprenticeshiptraining.apprenticeships.education.gov.uk/courses/119
Adult care worker(level 2),UNIVERSAL VIBES LIMITED,https://findapprenticeshiptraining.apprenticeships.education.gov.uk/courses/119/providers/10065571?distance=10,https://findapprenticeshiptraining.apprenticeships.education.gov.uk/courses/119
Adult care worker(level 2),LEICESTERSHIRE COUNTY COUNCIL,https://findapprenticeshiptraining.apprenticeships.education.gov.uk/courses/119/providers/10003872?distance=10,https://findapprenticeshiptraining.apprenticeships.education.gov.uk/courses/119
Adult care worker(level 2),EXCEL TRAINING LIMITED,https://findapprenticeshiptraining.apprenticeships.education.gov.uk/courses/119/providers/10037723?distance=10,https://findapprenticeshiptraining.apprenticeships.education.gov.uk/courses/119
Adult care worker(level 2),WINNOVATION LIMITED,https://findapprenticeshiptraining.apprenticeships.education.gov.uk/courses/119/providers/10029676?distance=10,https://findapprenticeshiptraining.apprenticeships.education.gov.uk/courses/119
Adult care worker(level 2),CHICHESTER COLLEGE GROUP,https://findapprenticeshiptraining.apprenticeships.education.gov.uk/courses/119/providers/10007817?distance=10,https://findapprenticeshiptraining.apprenticeships.education.gov.uk/courses/119
Adult care worker(level 2),WIGAN AND LEIGH COLLEGE,https://findapprenticeshiptraining.apprenticeships.education.gov.uk/courses/119/providers/10007500?distance=10,https://findapprenticeshiptraining.apprenticeships.education.gov.uk/courses/119
Adult care worker(level 2),NEWCASTLE AND STAFFORD COLLEGES GROUP,https://findapprenticeshiptraining.apprenticeships.education.gov.uk/courses/119/providers/10004603?distance=10,https://findapprenticeshiptraining.apprenticeships.education.gov.uk/courses/119
Adult care worker(level 2),ACHIEVING EXCELLENCE UK LTD,https://findapprenticeshiptraining.apprenticeships.education.gov.uk/courses/119/providers/10023357?distance=10,https://findapprenticeshiptraining.apprenticeships.education.gov.uk/courses/119
