organisation_slug,organisation_name,member_name,member_location,member_type,member_website,source_url
aoc,Association of Colleges (AoC),Abingdon and Witney College,South East,Member,http://www.abingdon-witney.ac.uk,https://www.aoc.co.uk/aoc/ajax/interactive-map.json
aoc,Association of Colleges (AoC),Abingdon and Witney College,,Member,http://www.abingdon-witney.ac.uk,https://www.aoc.co.uk/aoc/ajax/interactive-map.json
aoc,Association of Colleges (AoC),Abingdon and Witney College,South East,Member,http://www.abingdon-witney.ac.uk,https://www.aoc.co.uk/aoc/ajax/interactive-map.json
aoc,Association of Colleges (AoC),Accrington and Rossendale College,North West,Member,http://www.accross.ac.uk,https://www.aoc.co.uk/aoc/ajax/interactive-map.json
aoc,Association of Colleges (AoC),Activate Learning,South East,Member,http://www.activatelearning.ac.uk,https://www.aoc.co.uk/aoc/ajax/interactive-map.json
aoc,Association of Colleges (AoC),Activate Learning,South East,Member,http://www.activatelearning.ac.uk,https://www.aoc.co.uk/aoc/ajax/interactive-map.json
aoc,Association of Colleges (AoC),Activate Learning,South East,Member,http://www.activatelearning.ac.uk,https://www.aoc.co.uk/aoc/ajax/interactive-map.json
aoc,Association of Colleges (AoC),Activate Learning,South East,Member,http://www.activatelearning.ac.uk,https://www.aoc.co.uk/aoc/ajax/interactive-map.json
aoc,Association of Colleges (AoC),Ada National College for Digital Skills,Greater London,Member,https://www.ada.ac.uk,https://www.aoc.co.uk/aoc/ajax/interactive-map.json
aoc,Association of Colleges (AoC),"Ada, the National College for Digital Skills",Greater London,Member,https://www.ada.ac.uk,https://www.aoc.co.uk/aoc/ajax/interactive-map.json
aoc,Association of Colleges (AoC),Amersham and Wycombe College,South East,Member,http://www.amersham.ac.uk,https://www.aoc.co.uk/aoc/ajax/interactive-map.json
aoc,Association of Colleges (AoC),Andover College,South East,Member,https://www.andover.ac.uk,https://www.aoc.co.uk/aoc/ajax/interactive-map.json
aoc,Association of Colleges (AoC),Aquinas College,North West,Member,http://www.aquinas.ac.uk,https://www.aoc.co.uk/aoc/ajax/interactive-map.json
aoc,Association of Colleges (AoC),Aquinas College,,Member,http://www.aquinas.ac.uk,https://www.aoc.co.uk/aoc/ajax/interactive-map.json
aoc,Association of Colleges (AoC),Aquinas College,North West,Member,http://www.aquinas.ac.uk,https://www.aoc.co.uk/aoc/ajax/interactive-map.json
aoc,Association of Colleges (AoC),Ashford College,South East,Member,https://ashford@eastkent.ac.uk,https://www.aoc.co.uk/aoc/ajax/interactive-map.json
aoc,Association of Colleges (AoC),Ashton Sixth Form College,North West,Member,http://www.asfc.ac.uk,https://www.aoc.co.uk/aoc/ajax/interactive-map.json
aoc,Association of Colleges (AoC),Askham Bryan College,Yorkshire & Humberside,Member,http://www.askham-bryan.ac.uk,https://www.aoc.co.uk/aoc/ajax/interactive-map.json
aoc,Association of Colleges (AoC),Askham Bryan College,Yorkshire & Humberside,Member,http://www.askham-bryan.ac.uk,https://www.aoc.co.uk/aoc/ajax/interactive-map.json
aoc,Association of Colleges (AoC),Banbury & Bicester College,South East,Member,https://www.activatelearning.ac.uk,https://www.aoc.co.uk/aoc/ajax/interactive-map.json
aoc,Association of Colleges (AoC),Barking and Dagenham College,Greater London,Member,https://www.barkingdagenhamcollege.ac.uk,https://www.aoc.co.uk/aoc/ajax/interactive-map.json
aoc,Association of Colleges (AoC),Barking and Dagenham College,Greater London,Member,https://www.barkingdagenhamcollege.ac.uk,https://www.aoc.co.uk/aoc/ajax/interactive-map.json
aoc,Association of Colleges (AoC),Barking and Dagenham College,Greater London,Member,https://www.barkingdagenhamcollege.ac.uk,https://www.aoc.co.uk/aoc/ajax/interactive-map.json
aoc,Association of Colleges (AoC),Barnet and Southgate College,Greater London,Member,http://www.barnetsouthgate.ac.uk,https://www.aoc.co.uk/aoc/ajax/interactive-map.json
aoc,Association of Colleges (AoC),Barnet and Southgate College,Greater London,Member,http://www.barnetsouthgate.ac.uk,https://www.aoc.co.uk/aoc/ajax/interactive-map.json
aoc,Association of Colleges (AoC),Barnfield College,East,Member,http://www.barnfield.ac.uk,https://www.aoc.co.uk/aoc/ajax/interactive-map.json
aoc,Association of Colleges (AoC),Barnfield College,East,Member,http://www.barnfield.ac.uk,https://www.aoc.co.uk/aoc/ajax/interactive-map.json
aoc,Association of Colleges (AoC),Barnsley College,Yorkshire & Humberside,Member,http://www.barnsley.ac.uk,https://www.aoc.co.uk/aoc/ajax/interactive-map.json
aoc,Association of Colleges (AoC),Barrow Sixth Form College,North West,Member,https://www.furness.ac.uk/about/barrow-sixth-form-campus,https://www.aoc.co.uk/aoc/ajax/interactive-map.json
aoc,Association of Colleges (AoC),Basingstoke College of Technology,South East,Member,http://www.bcot.ac.uk,https://www.aoc.co.uk/aoc/ajax/interactive-map.json
aoc,Association of Colleges (AoC),Bath College,South West,Member,http://www.bathcollege.ac.uk,https://www.aoc.co.uk/aoc/ajax/interactive-map.json
aoc,Association of Colleges (AoC),Beaumont College,North West,Member,http://www.beaumontcollege.ac.uk,https://www.aoc.co.uk/aoc/ajax/interactive-map.json
aoc,Association of Colleges (AoC),Bedford College,East,Member,https://www.bedford.ac.uk,https://www.aoc.co.uk/aoc/ajax/interactive-map.json
aoc,Association of Colleges (AoC),Bedford College,East,Member,https://www.bedford.ac.uk,https://www.aoc.co.uk/aoc/ajax/interactive-map.json
aoc,Association of Colleges (AoC),Berkshire College of Agriculture,South East,Member,http://www.bca.ac.uk,https://www.aoc.co.uk/aoc/ajax/interactive-map.json
aoc,Association of Colleges (AoC),Bexhill College,South East,Member,http://www.bexhillcollege.ac.uk,https://www.aoc.co.uk/aoc/ajax/interactive-map.json
aoc,Association of Colleges (AoC),Bexley College,Greater London,Member,http://www.bexley.ac.uk,https://www.aoc.co.uk/aoc/ajax/interactive-map.json
aoc,Association of Colleges (AoC),Bexley College,Greater London,Member,http://www.bexley.ac.uk,https://www.aoc.co.uk/aoc/ajax/interactive-map.json
aoc,Association of Colleges (AoC),Bicton College,South West,Member,http://www.bicton.ac.uk,https://www.aoc.co.uk/aoc/ajax/interactive-map.json
aoc,Association of Colleges (AoC),Birmingham Metropolitan College,West Midlands,Member,https://www.bmet.ac.uk,https://www.aoc.co.uk/aoc/ajax/interactive-map.json
aoc,Association of Colleges (AoC),Birmingham Metropolitan College,West Midlands,Member,https://www.bmet.ac.uk,https://www.aoc.co.uk/aoc/ajax/interactive-map.json
aoc,Association of Colleges (AoC),Bishop Auckland College,North East,Member,http://www.bacoll.ac.uk,https://www.aoc.co.uk/aoc/ajax/interactive-map.json
aoc,Association of Colleges (AoC),Bishop Auckland College,North East,Member,http://www.bacoll.ac.uk,https://www.aoc.co.uk/aoc/ajax/interactive-map.json
aoc,Association of Colleges (AoC),Bishop Burton College,Yorkshire & Humberside,Member,http://www.bishopburton.ac.uk,https://www.aoc.co.uk/aoc/ajax/interactive-map.json
aoc,Association of Colleges (AoC),Bishop Burton College,Yorkshire & Humberside,Member,http://www.bishopburton.ac.uk,https://www.aoc.co.uk/aoc/ajax/interactive-map.json
aoc,Association of Colleges (AoC),Bishop Burton College,Yorkshire & Humberside,Member,http://www.bishopburton.ac.uk,https://www.aoc.co.uk/aoc/ajax/interactive-map.json
aoc,Association of Colleges (AoC),Blackburn College,North West,Member,http://www.blackburn.ac.uk,https://www.aoc.co.uk/aoc/ajax/interactive-map.json
aoc,Association of Colleges (AoC),Blackpool and The Fylde College,North West,Member,http://www.blackpool.ac.uk,https://www.aoc.co.uk/aoc/ajax/interactive-map.json
aoc,Association of Colleges (AoC),Blackpool and the Fylde College,North West,Member,http://www.blackpool.ac.uk,https://www.aoc.co.uk/aoc/ajax/interactive-map.json
aoc,Association of Colleges (AoC),Bolton College,North West,Member,https://www.boltoncc.ac.uk,https://www.aoc.co.uk/aoc/ajax/interactive-map.json
aoc,Association of Colleges (AoC),Bolton College,North West,Member,https://www.boltoncc.ac.uk,https://www.aoc.co.uk/aoc/ajax/interactive-map.json
aoc,Association of Colleges (AoC),Bolton College,North West,Member,https://www.boltoncc.ac.uk,https://www.aoc.co.uk/aoc/ajax/interactive-map.json
aoc,Association of Colleges (AoC),Bolton College,North West,Member,https://www.boltoncc.ac.uk,https://www.aoc.co.uk/aoc/ajax/interactive-map.json
aoc,Association of Colleges (AoC),Boston College,East Midlands,Member,http://www.boston.ac.uk,https://www.aoc.co.uk/aoc/ajax/interactive-map.json
aoc,Association of Colleges (AoC),Boston College,East Midlands,Member,http://www.boston.ac.uk,https://www.aoc.co.uk/aoc/ajax/interactive-map.json
aoc,Association of Colleges (AoC),Bournemouth and Poole College,South West,Member,http://www.bpc.ac.uk,https://www.aoc.co.uk/aoc/ajax/interactive-map.json
aoc,Association of Colleges (AoC),Bournemouth and Poole College,South West,Member,http://www.bpc.ac.uk,https://www.aoc.co.uk/aoc/ajax/interactive-map.json
aoc,Association of Colleges (AoC),Bournville College,West Midlands,Member,http://www.bournville.ac.uk,https://www.aoc.co.uk/aoc/ajax/interactive-map.json
aoc,Association of Colleges (AoC),Bracknell and Wokingham College,South East,Member,https://www.activatelearning.ac.uk,https://www.aoc.co.uk/aoc/ajax/interactive-map.json
aoc,Association of Colleges (AoC),Bracknell and Wokingham College,South East,Member,https://www.activatelearning.ac.uk,https://www.aoc.co.uk/aoc/ajax/interactive-map.json
aoc,Association of Colleges (AoC),Bradford College,Yorkshire & Humberside,Member,http://www.bradfordcollege.ac.uk,https://www.aoc.co.uk/aoc/ajax/interactive-map.json
aoc,Association of Colleges (AoC),Bradford College,Yorkshire & Humberside,Member,http://www.bradfordcollege.ac.uk,https://www.aoc.co.uk/aoc/ajax/interactive-map.json
aoc,Association of Colleges (AoC),Bradford College,Yorkshire & Humberside,Member,http://www.bradfordcollege.ac.uk,https://www.aoc.co.uk/aoc/ajax/interactive-map.json
aoc,Association of Colleges (AoC),Bridge College,North West,Member,http://www.bridgecollege.ac.uk,https://www.aoc.co.uk/aoc/ajax/interactive-map.json
aoc,Association of Colleges (AoC),Bridge College,North West,Member,http://www.bridgecollege.ac.uk,https://www.aoc.co.uk/aoc/ajax/interactive-map.json
aoc,Association of Colleges (AoC),Brighton Hove & Sussex Sixth Form College (BHASVIC),South East,Member,http://www.bhasvic.ac.uk,https://www.aoc.co.uk/aoc/ajax/interactive-map.json
aoc,Association of Colleges (AoC),Brighton Hove & Sussex Sixth Form College (BHASVIC),South East,Member,http://www.bhasvic.ac.uk,https://www.aoc.co.uk/aoc/ajax/interactive-map.json
aoc,Association of Colleges (AoC),Brinsbury College,South East,Member,https://www.brinsbury.ac.uk,https://www.aoc.co.uk/aoc/ajax/interactive-map.json
aoc,Association of Colleges (AoC),Broadstairs College,South East,Member,,https://www.aoc.co.uk/aoc/ajax/interactive-map.json
aoc,Association of Colleges (AoC),Brockenhurst College,South East,Member,http://www.brock.ac.uk,https://www.aoc.co.uk/aoc/ajax/interactive-map.json
aoc,Association of Colleges (AoC),Bromley College of Further and Higher Education,Greater London,Member,https://www.lsec.ac.uk,https://www.aoc.co.uk/aoc/ajax/interactive-map.json
aoc,Association of Colleges (AoC),Bromley College of Further and Higher Education,,Member,https://www.lsec.ac.uk,https://www.aoc.co.uk/aoc/ajax/interactive-map.json
aoc,Association of Colleges (AoC),Bromley College of Further and Higher Education,Greater London,Member,https://www.lsec.ac.uk,https://www.aoc.co.uk/aoc/ajax/interactive-map.json
aoc,Association of Colleges (AoC),Brooklands Technical College,South East,Member,http://www.brooklands.ac.uk,https://www.aoc.co.uk/aoc/ajax/interactive-map.json
aoc,Association of Colleges (AoC),Brooksby Melton College,East Midlands,Member,http://www.brooksbymelton.ac.uk,https://www.aoc.co.uk/aoc/ajax/interactive-map.json
aoc,Association of Colleges (AoC),BSix Brooke House Sixth Form College,Greater London,Member,http://www.bsix.ac.uk,https://www.aoc.co.uk/aoc/ajax/interactive-map.json
aoc,Association of Colleges (AoC),BSix Brooke House Sixth Form College,Greater London,Member,http://www.bsix.ac.uk,https://www.aoc.co.uk/aoc/ajax/interactive-map.json
aoc,Association of Colleges (AoC),Buckinghamshire College Group,South East,Member,http://www.buckscollegegroup.ac.uk,https://www.aoc.co.uk/aoc/ajax/interactive-map.json
aoc,Association of Colleges (AoC),Burnley College,North West,Member,http://www.burnley.ac.uk,https://www.aoc.co.uk/aoc/ajax/interactive-map.json
aoc,Association of Colleges (AoC),Burnley College,North West,Member,http://www.burnley.ac.uk,https://www.aoc.co.uk/aoc/ajax/interactive-map.json
aoc,Association of Colleges (AoC),Burton and South Derbyshire College,West Midlands,Member,http://www.bsdc.ac.uk,https://www.aoc.co.uk/aoc/ajax/interactive-map.json
aoc,Association of Colleges (AoC),Burton and South Derbyshire College,West Midlands,Member,http://www.bsdc.ac.uk,https://www.aoc.co.uk/aoc/ajax/interactive-map.json
aoc,Association of Colleges (AoC),Bury College,North West,Member,http://www.burycollege.ac.uk,https://www.aoc.co.uk/aoc/ajax/interactive-map.json
aoc,Association of Colleges (AoC),Bury College,North West,Member,http://www.burycollege.ac.uk,https://www.aoc.co.uk/aoc/ajax/interactive-map.json
aoc,Association of Colleges (AoC),Cadbury Sixth Form College,West Midlands,Member,https://www.cadcol.ac.uk,https://www.aoc.co.uk/aoc/ajax/interactive-map.json
aoc,Association of Colleges (AoC),Calderdale College,Yorkshire & Humberside,Member,http://www.calderdale.ac.uk,https://www.aoc.co.uk/aoc/ajax/interactive-map.json
aoc,Association of Colleges (AoC),Calderdale College,Yorkshire & Humberside,Member,http://www.calderdale.ac.uk,https://www.aoc.co.uk/aoc/ajax/interactive-map.json
aoc,Association of Colleges (AoC),Cambridge Regional College,East,Member,http://www.camre.ac.uk,https://www.aoc.co.uk/aoc/ajax/interactive-map.json
aoc,Association of Colleges (AoC),Canterbury College,South East,Member,https://www.ekcgroup.ac.uk/colleges/canterbury-college,https://www.aoc.co.uk/aoc/ajax/interactive-map.json
aoc,Association of Colleges (AoC),Canterbury College,South East,Member,https://www.ekcgroup.ac.uk/colleges/canterbury-college,https://www.aoc.co.uk/aoc/ajax/interactive-map.json
aoc,Association of Colleges (AoC),Capel Manor College,Greater London,Member,https://www.capel.ac.uk,https://www.aoc.co.uk/aoc/ajax/interactive-map.json
aoc,Association of Colleges (AoC),Capel Manor College,Greater London,Member,https://www.capel.ac.uk,https://www.aoc.co.uk/aoc/ajax/interactive-map.json
aoc,Association of Colleges (AoC),Carlisle College,North West,Member,http://www.carlisle.ac.uk,https://www.aoc.co.uk/aoc/ajax/interactive-map.json
aoc,Association of Colleges (AoC),Carshalton College,Greater London,Member,http://www.carshalton.ac.uk,https://www.aoc.co.uk/aoc/ajax/interactive-map.json
aoc,Association of Colleges (AoC),Carshalton College,Greater London,Member,http://www.carshalton.ac.uk,https://www.aoc.co.uk/aoc/ajax/interactive-map.json
aoc,Association of Colleges (AoC),Central Bedfordshire College,East,Member,https://www.centralbeds.ac.uk,https://www.aoc.co.uk/aoc/ajax/interactive-map.json
aoc,Association of Colleges (AoC),Central College Nottingham,East Midlands,Member,https://www.nottinghamcollege.ac.uk,https://www.aoc.co.uk/aoc/ajax/interactive-map.json
aoc,Association of Colleges (AoC),Cheadle and Marple Sixth Form College,North West,Member,http://www.camsfc.ac.uk,https://www.aoc.co.uk/aoc/ajax/interactive-map.json
aoc,Association of Colleges (AoC),Chelmsford College,East,Member,https://www.chelmsford.ac.uk,https://www.aoc.co.uk/aoc/ajax/interactive-map.json
aoc,Association of Colleges (AoC),Chelmsford College,East,Member,https://www.chelmsford.ac.uk,https://www.aoc.co.uk/aoc/ajax/interactive-map.json
aoc,Association of Colleges (AoC),Cheshire College South & West,North West,Member,https://www.ccsw.ac.uk,https://www.aoc.co.uk/aoc/ajax/interactive-map.json
aoc,Association of Colleges (AoC),Chesterfield College,East Midlands,Member,http://www.chesterfield.ac.uk,https://www.aoc.co.uk/aoc/ajax/interactive-map.json
aoc,Association of Colleges (AoC),Chichester College Group,South East,Member,https://www.chigroup.ac.uk/,https://www.aoc.co.uk/aoc/ajax/interactive-map.json
aoc,Association of Colleges (AoC),Christ the King Sixth Form College,Greater London,Member,http://www.ctksfc.ac.uk,https://www.aoc.co.uk/aoc/ajax/interactive-map.json
aoc,Association of Colleges (AoC),Christ the King Sixth Form College,Greater London,Member,http://www.ctksfc.ac.uk,https://www.aoc.co.uk/aoc/ajax/interactive-map.json
aoc,Association of Colleges (AoC),Christ the King Sixth Form College,Greater London,Member,http://www.ctksfc.ac.uk,https://www.aoc.co.uk/aoc/ajax/interactive-map.json
aoc,Association of Colleges (AoC),City and Islington College,Greater London,Member,http://www.candi.ac.uk,https://www.aoc.co.uk/aoc/ajax/interactive-map.json
aoc,Association of Colleges (AoC),City College Norwich,East,Member,http://www.ccn.ac.uk,https://www.aoc.co.uk/aoc/ajax/interactive-map.json
aoc,Association of Colleges (AoC),City College Plymouth,South West,Member,http://www.cityplym.ac.uk,https://www.aoc.co.uk/aoc/ajax/interactive-map.json
aoc,Association of Colleges (AoC),City College Southampton,South East,Member,http://www.southampton-city.ac.uk,https://www.aoc.co.uk/aoc/ajax/interactive-map.json
aoc,Association of Colleges (AoC),City Lit,Greater London,Member,http://www.citylit.ac.uk,https://www.aoc.co.uk/aoc/ajax/interactive-map.json
aoc,Association of Colleges (AoC),City Lit,Greater London,Member,http://www.citylit.ac.uk,https://www.aoc.co.uk/aoc/ajax/interactive-map.json
aoc,Association of Colleges (AoC),City of Bristol College,South West,Member,http://www.cityofbristol.ac.uk,https://www.aoc.co.uk/aoc/ajax/interactive-map.json
aoc,Association of Colleges (AoC),City of Oxford College,South East,Member,https://www.activatelearning.ac.uk,https://www.aoc.co.uk/aoc/ajax/interactive-map.json
aoc,Association of Colleges (AoC),City of Portsmouth College,South East,Member,,https://www.aoc.co.uk/aoc/ajax/interactive-map.json
aoc,Association of Colleges (AoC),City of Westminster College,Greater London,Member,https://www.cwc.ac.uk,https://www.aoc.co.uk/aoc/ajax/interactive-map.json
aoc,Association of Colleges (AoC),City of Westminster College,Greater London,Member,https://www.cwc.ac.uk,https://www.aoc.co.uk/aoc/ajax/interactive-map.json
aoc,Association of Colleges (AoC),City of Wolverhampton College,West Midlands,Member,https://www.wolvcoll.ac.uk,https://www.aoc.co.uk/aoc/ajax/interactive-map.json
aoc,Association of Colleges (AoC),Coastland College,South West,Member,https://www.coastland.ac.uk/,https://www.aoc.co.uk/aoc/ajax/interactive-map.json
aoc,Association of Colleges (AoC),Colchester Institute,East,Member,http://www.colchester.ac.uk,https://www.aoc.co.uk/aoc/ajax/interactive-map.json
aoc,Association of Colleges (AoC),Colchester Institute,East,Member,http://www.colchester.ac.uk,https://www.aoc.co.uk/aoc/ajax/interactive-map.json
aoc,Association of Colleges (AoC),Coleg Cambria,North West,Member,https://www.cambria.ac.uk,https://www.aoc.co.uk/aoc/ajax/interactive-map.json
aoc,Association of Colleges (AoC),Coleg Cambria,North West,Member,https://www.cambria.ac.uk,https://www.aoc.co.uk/aoc/ajax/interactive-map.json
aoc,Association of Colleges (AoC),College of North West London,Greater London,Member,http://www.cnwl.ac.uk,https://www.aoc.co.uk/aoc/ajax/interactive-map.json
aoc,Association of Colleges (AoC),College of North West London,Greater London,Member,http://www.cnwl.ac.uk,https://www.aoc.co.uk/aoc/ajax/interactive-map.json
aoc,Association of Colleges (AoC),Communication Specialist College Doncaster,Yorkshire & Humberside,Member,https://www.deaf-trust.co.uk,https://www.aoc.co.uk/aoc/ajax/interactive-map.json
aoc,Association of Colleges (AoC),Coulsdon Sixth Form College,Greater London,Member,http://www.coulsdon.ac.uk,https://www.aoc.co.uk/aoc/ajax/interactive-map.json
aoc,Association of Colleges (AoC),Coulsdon Sixth Form College,Greater London,Member,http://www.coulsdon.ac.uk,https://www.aoc.co.uk/aoc/ajax/interactive-map.json
aoc,Association of Colleges (AoC),Coventry College,West Midlands,Member,http://www.coventrycollege.ac.uk,https://www.aoc.co.uk/aoc/ajax/interactive-map.json
aoc,Association of Colleges (AoC),Coventry College,West Midlands,Member,http://www.coventrycollege.ac.uk,https://www.aoc.co.uk/aoc/ajax/interactive-map.json
aoc,Association of Colleges (AoC),Craven College,Yorkshire & Humberside,Member,http://www.craven-college.ac.uk,https://www.aoc.co.uk/aoc/ajax/interactive-map.json
aoc,Association of Colleges (AoC),Craven College,Yorkshire & Humberside,Member,http://www.craven-college.ac.uk,https://www.aoc.co.uk/aoc/ajax/interactive-map.json
aoc,Association of Colleges (AoC),Crawley College,South East,Member,https://www.crawley.ac.uk,https://www.aoc.co.uk/aoc/ajax/interactive-map.json
aoc,Association of Colleges (AoC),Croydon College,Greater London,Member,http://www.croydon.ac.uk,https://www.aoc.co.uk/aoc/ajax/interactive-map.json
aoc,Association of Colleges (AoC),Croydon College,Greater London,Member,http://www.croydon.ac.uk,https://www.aoc.co.uk/aoc/ajax/interactive-map.json
aoc,Association of Colleges (AoC),Darlington College,North East,Member,http://www.darlington.ac.uk,https://www.aoc.co.uk/aoc/ajax/interactive-map.json
aoc,Association of Colleges (AoC),Dearne Valley College,Yorkshire & Humberside,Member,http://www.dearne-coll.ac.uk,https://www.aoc.co.uk/aoc/ajax/interactive-map.json
aoc,Association of Colleges (AoC),Derby College (DCG),East Midlands,Member,http://www.derby-college.ac.uk,https://www.aoc.co.uk/aoc/ajax/interactive-map.json
aoc,Association of Colleges (AoC),Derby College (DCG),East Midlands,Member,http://www.derby-college.ac.uk,https://www.aoc.co.uk/aoc/ajax/interactive-map.json
aoc,Association of Colleges (AoC),Derwen College,West Midlands,Member,http://www.derwen.ac.uk,https://www.aoc.co.uk/aoc/ajax/interactive-map.json
aoc,Association of Colleges (AoC),Derwentside College,North East,Member,http://www.derwentside.ac.uk,https://www.aoc.co.uk/aoc/ajax/interactive-map.json
aoc,Association of Colleges (AoC),DN Colleges Group,Yorkshire & Humberside,Member,http://www.dncolleges.ac.uk,https://www.aoc.co.uk/aoc/ajax/interactive-map.json
aoc,Association of Colleges (AoC),Doncaster College,Yorkshire & Humberside,Member,http://www.don.ac.uk,https://www.aoc.co.uk/aoc/ajax/interactive-map.json
aoc,Association of Colleges (AoC),Dover Technical College,South East,Member,https://www.ekcgroup.ac.uk/colleges/dover-technical-college,https://www.aoc.co.uk/aoc/ajax/interactive-map.json
aoc,Association of Colleges (AoC),Duchy College,South West,Member,https://www.duchy.ac.uk,https://www.aoc.co.uk/aoc/ajax/interactive-map.json
aoc,Association of Colleges (AoC),Dudley College of Technology,West Midlands,Member,http://www.dudleycol.ac.uk,https://www.aoc.co.uk/aoc/ajax/interactive-map.json
aoc,Association of Colleges (AoC),Dudley College of Technology,West Midlands,Member,http://www.dudleycol.ac.uk,https://www.aoc.co.uk/aoc/ajax/interactive-map.json
aoc,Association of Colleges (AoC),East Coast College,East,Member,https://www.eastcoast.ac.uk,https://www.aoc.co.uk/aoc/ajax/interactive-map.json
aoc,Association of Colleges (AoC),East Coast College,East,Member,https://www.eastcoast.ac.uk,https://www.aoc.co.uk/aoc/ajax/interactive-map.json
aoc,Association of Colleges (AoC),East Coast College,East,Member,https://www.eastcoast.ac.uk,https://www.aoc.co.uk/aoc/ajax/interactive-map.json
aoc,Association of Colleges (AoC),East Durham College,North East,Member,http://www.eastdurham.ac.uk,https://www.aoc.co.uk/aoc/ajax/interactive-map.json
aoc,Association of Colleges (AoC),East Riding College,Yorkshire & Humberside,Member,http://www.eastridingcollege.ac.uk,https://www.aoc.co.uk/aoc/ajax/interactive-map.json
aoc,Association of Colleges (AoC),East Surrey College,South East,Member,http://www.esc.ac.uk,https://www.aoc.co.uk/aoc/ajax/interactive-map.json
aoc,Association of Colleges (AoC),East Sussex College Group,South East,Member,https://www.escg.ac.uk,https://www.aoc.co.uk/aoc/ajax/interactive-map.json
aoc,Association of Colleges (AoC),East Sussex College Group,South East,Member,https://www.escg.ac.uk,https://www.aoc.co.uk/aoc/ajax/interactive-map.json
aoc,Association of Colleges (AoC),Eastleigh College,South East,Member,http://www.eastleigh.ac.uk,https://www.aoc.co.uk/aoc/ajax/interactive-map.json
aoc,Association of Colleges (AoC),Easton College,East,Member,https://www.easton.ac.uk,https://www.aoc.co.uk/aoc/ajax/interactive-map.json
aoc,Association of Colleges (AoC),Edinburgh College,Scotland,Member,https://www.edinburghcollege.ac.uk,https://www.aoc.co.uk/aoc/ajax/interactive-map.json
aoc,Association of Colleges (AoC),EKC Group,South East,Member,https://www.ekcgroup.ac.uk,https://www.aoc.co.uk/aoc/ajax/interactive-map.json
aoc,Association of Colleges (AoC),EKC Group,South East,Member,https://www.ekcgroup.ac.uk,https://www.aoc.co.uk/aoc/ajax/interactive-map.json
aoc,Association of Colleges (AoC),Epping Forest College,Greater London,Member,https://www.ncclondon.ac.uk/epping-forest-campus,https://www.aoc.co.uk/aoc/ajax/interactive-map.json
aoc,Association of Colleges (AoC),Exeter College,South West,Member,http://www.exe-coll.ac.uk,https://www.aoc.co.uk/aoc/ajax/interactive-map.json
aoc,Association of Colleges (AoC),Falmouth Marine School,South West,Member,https://www.falmouthmarineschool.ac.uk,https://www.aoc.co.uk/aoc/ajax/interactive-map.json
aoc,Association of Colleges (AoC),Farnborough College of Technology,South East,Member,https://www.farn-ct.ac.uk,https://www.aoc.co.uk/aoc/ajax/interactive-map.json
aoc,Association of Colleges (AoC),Farnham College,South East,Member,https://www.farnham.ac.uk,https://www.aoc.co.uk/aoc/ajax/interactive-map.json
aoc,Association of Colleges (AoC),Fircroft College of Adult Education,West Midlands,Member,http://www.fircroft.ac.uk,https://www.aoc.co.uk/aoc/ajax/interactive-map.json
aoc,Association of Colleges (AoC),Fircroft College of Adult Education,West Midlands,Member,http://www.fircroft.ac.uk,https://www.aoc.co.uk/aoc/ajax/interactive-map.json
aoc,Association of Colleges (AoC),Folkestone College,South East,Member,https://www.ekcgroup.ac.uk/colleges/folkestone-college,https://www.aoc.co.uk/aoc/ajax/interactive-map.json
aoc,Association of Colleges (AoC),Furness College,North West,Member,http://www.furness.ac.uk,https://www.aoc.co.uk/aoc/ajax/interactive-map.json
aoc,Association of Colleges (AoC),Furness College,North West,Member,http://www.furness.ac.uk,https://www.aoc.co.uk/aoc/ajax/interactive-map.json
aoc,Association of Colleges (AoC),Gateshead College,North East,Member,http://www.gateshead.ac.uk,https://www.aoc.co.uk/aoc/ajax/interactive-map.json
aoc,Association of Colleges (AoC),Gateshead College,North East,Member,http://www.gateshead.ac.uk,https://www.aoc.co.uk/aoc/ajax/interactive-map.json
aoc,Association of Colleges (AoC),Glasgow Clyde College,Scotland,Member,https://www.glasgowclyde.ac.uk,https://www.aoc.co.uk/aoc/ajax/interactive-map.json
aoc,Association of Colleges (AoC),Glasgow Clyde College,Scotland,Member,https://www.glasgowclyde.ac.uk,https://www.aoc.co.uk/aoc/ajax/interactive-map.json
aoc,Association of Colleges (AoC),Gloucestershire College,South West,Member,http://www.gloscol.ac.uk,https://www.aoc.co.uk/aoc/ajax/interactive-map.json
aoc,Association of Colleges (AoC),Gloucestershire College,South West,Member,http://www.gloscol.ac.uk,https://www.aoc.co.uk/aoc/ajax/interactive-map.json
aoc,Association of Colleges (AoC),Gloucestershire College,South West,Member,http://www.gloscol.ac.uk,https://www.aoc.co.uk/aoc/ajax/interactive-map.json
aoc,Association of Colleges (AoC),Gloucestershire College,South West,Member,http://www.gloscol.ac.uk,https://www.aoc.co.uk/aoc/ajax/interactive-map.json
aoc,Association of Colleges (AoC),Goole College,Yorkshire & Humberside,Member,https://www.goole-college.ac.uk,https://www.aoc.co.uk/aoc/ajax/interactive-map.json
aoc,Association of Colleges (AoC),Grantham College,East Midlands,Member,http://www.grantham.ac.uk,https://www.aoc.co.uk/aoc/ajax/interactive-map.json
aoc,Association of Colleges (AoC),Greater Brighton Metropolitan College,South East,Member,http://www.gbmc.ac.uk,https://www.aoc.co.uk/aoc/ajax/interactive-map.json
aoc,Association of Colleges (AoC),Greater Brighton Metropolitan College,South East,Member,http://www.gbmc.ac.uk,https://www.aoc.co.uk/aoc/ajax/interactive-map.json
aoc,Association of Colleges (AoC),Greenwich Community College,Greater London,Member,http://www.gcc.ac.uk,https://www.aoc.co.uk/aoc/ajax/interactive-map.json
aoc,Association of Colleges (AoC),Grimsby Institute of Further & Higher Education,Yorkshire & Humberside,Member,http://www.grimsby.ac.uk,https://www.aoc.co.uk/aoc/ajax/interactive-map.json
aoc,Association of Colleges (AoC),Guildford College,South East,Member,http://www.guildford.ac.uk,https://www.aoc.co.uk/aoc/ajax/interactive-map.json
aoc,Association of Colleges (AoC),Hackney Campus,Greater London,Member,https://www.ncclondon.ac.uk/hackney-campus,https://www.aoc.co.uk/aoc/ajax/interactive-map.json
aoc,Association of Colleges (AoC),Hackney Campus,Greater London,Member,https://www.ncclondon.ac.uk/hackney-campus,https://www.aoc.co.uk/aoc/ajax/interactive-map.json
aoc,Association of Colleges (AoC),Hadlow College,South East,Member,https://www.hadlow.ac.uk,https://www.aoc.co.uk/aoc/ajax/interactive-map.json
aoc,Association of Colleges (AoC),Halesowen College,West Midlands,Member,https://www.halesowen.ac.uk,https://www.aoc.co.uk/aoc/ajax/interactive-map.json
aoc,Association of Colleges (AoC),Halesowen College,West Midlands,Member,https://www.halesowen.ac.uk,https://www.aoc.co.uk/aoc/ajax/interactive-map.json
aoc,Association of Colleges (AoC),Haringey Sixth Form College,Greater London,Member,https://www.haringey6.ac.uk,https://www.aoc.co.uk/aoc/ajax/interactive-map.json
aoc,Association of Colleges (AoC),Haringey Sixth Form College,Greater London,Member,https://www.haringey6.ac.uk,https://www.aoc.co.uk/aoc/ajax/interactive-map.json
aoc,Association of Colleges (AoC),Harlow College,East,Member,http://www.harlow-college.ac.uk,https://www.aoc.co.uk/aoc/ajax/interactive-map.json
aoc,Association of Colleges (AoC),Harlow College,,Member,http://www.harlow-college.ac.uk,https://www.aoc.co.uk/aoc/ajax/interactive-map.json
aoc,Association of Colleges (AoC),Harlow College,East,Member,http://www.harlow-college.ac.uk,https://www.aoc.co.uk/aoc/ajax/interactive-map.json
aoc,Association of Colleges (AoC),Harrogate College,Yorkshire & Humberside,Member,http://www.harrogate.ac.uk,https://www.aoc.co.uk/aoc/ajax/interactive-map.json
aoc,Association of Colleges (AoC),Harrow College,Greater London,Member,https://www.harrow.ac.uk,https://www.aoc.co.uk/aoc/ajax/interactive-map.json
aoc,Association of Colleges (AoC),Harrow College,Greater London,Member,https://www.harrow.ac.uk,https://www.aoc.co.uk/aoc/ajax/interactive-map.json
aoc,Association of Colleges (AoC),Hartlepool College of Further Education,North East,Member,http://www.hartlepoolfe.ac.uk,https://www.aoc.co.uk/aoc/ajax/interactive-map.json
aoc,Association of Colleges (AoC),Hartpury College,South West,Member,http://www.hartpury.ac.uk,https://www.aoc.co.uk/aoc/ajax/interactive-map.json
aoc,Association of Colleges (AoC),Hartpury College,South West,Member,http://www.hartpury.ac.uk,https://www.aoc.co.uk/aoc/ajax/interactive-map.json
aoc,Association of Colleges (AoC),Havant and South Downs College,South East,Member,http://www.hsdc.ac.uk,https://www.aoc.co.uk/aoc/ajax/interactive-map.json
aoc,Association of Colleges (AoC),Havant and South Downs College (HSDC),South East,Member,http://www.hsdc.ac.uk,https://www.aoc.co.uk/aoc/ajax/interactive-map.json
aoc,Association of Colleges (AoC),Havering College of Further and Higher Education,Greater London,Member,https://www.ncclondon.ac.uk/ardleigh-green-campus,https://www.aoc.co.uk/aoc/ajax/interactive-map.json
aoc,Association of Colleges (AoC),Havering College of Further and Higher Education,Greater London,Member,https://www.ncclondon.ac.uk/ardleigh-green-campus,https://www.aoc.co.uk/aoc/ajax/interactive-map.json
aoc,Association of Colleges (AoC),Havering Sixth Form College,Greater London,Member,https://www.ncclondon.ac.uk/havering-sixth-form-campus,https://www.aoc.co.uk/aoc/ajax/interactive-map.json
aoc,Association of Colleges (AoC),Havering Sixth Form College,Greater London,Member,https://www.ncclondon.ac.uk/havering-sixth-form-campus,https://www.aoc.co.uk/aoc/ajax/interactive-map.json
aoc,Association of Colleges (AoC),Heart of Birmingham Vocational College,West Midlands,Member,https://hbvc.ac.uk,https://www.aoc.co.uk/aoc/ajax/interactive-map.json
aoc,Association of Colleges (AoC),Heart of Worcestershire College,West Midlands,Member,http://www.howcollege.ac.uk,https://www.aoc.co.uk/aoc/ajax/interactive-map.json
aoc,Association of Colleges (AoC),Heart of Worcestershire College,West Midlands,Member,http://www.howcollege.ac.uk,https://www.aoc.co.uk/aoc/ajax/interactive-map.json
aoc,Association of Colleges (AoC),Heart of Worcestershire College,West Midlands,Member,http://www.howcollege.ac.uk,https://www.aoc.co.uk/aoc/ajax/interactive-map.json
aoc,Association of Colleges (AoC),Heart of Yorkshire Education Group,Yorkshire & Humberside,Member,https://www.selby.ac.uk/about/stronger-together,https://www.aoc.co.uk/aoc/ajax/interactive-map.json
aoc,Association of Colleges (AoC),Hedley's College,North East,Member,http://www.percyhedley.org.uk,https://www.aoc.co.uk/aoc/ajax/interactive-map.json
aoc,Association of Colleges (AoC),Henley College Coventry,West Midlands,Member,https://www.coventrycollege.ac.uk,https://www.aoc.co.uk/aoc/ajax/interactive-map.json
aoc,Association of Colleges (AoC),Henshaws Specialist College,Yorkshire & Humberside,Member,https://www.henshaws.org.uk,https://www.aoc.co.uk/aoc/ajax/interactive-map.json
aoc,Association of Colleges (AoC),Hereford College of Arts,West Midlands,Member,http://www.hca.ac.uk,https://www.aoc.co.uk/aoc/ajax/interactive-map.json
aoc,Association of Colleges (AoC),"Herefordshire, Ludlow and North Shropshire College",West Midlands,Member,http://www.hlcollege.ac.uk,https://www.aoc.co.uk/aoc/ajax/interactive-map.json
aoc,Association of Colleges (AoC),"Herefordshire, Ludlow and North Shropshire College",West Midlands,Member,http://www.hlcollege.ac.uk,https://www.aoc.co.uk/aoc/ajax/interactive-map.json
aoc,Association of Colleges (AoC),Hereward College,West Midlands,Member,http://www.hereward.ac.uk,https://www.aoc.co.uk/aoc/ajax/interactive-map.json
aoc,Association of Colleges (AoC),Hereward College,West Midlands,Member,http://www.hereward.ac.uk,https://www.aoc.co.uk/aoc/ajax/interactive-map.json
aoc,Association of Colleges (AoC),Hertford Regional College,East,Member,http://www.hrc.ac.uk,https://www.aoc.co.uk/aoc/ajax/interactive-map.json
aoc,Association of Colleges (AoC),Highbury College,South East,Member,http://www.highbury.ac.uk,https://www.aoc.co.uk/aoc/ajax/interactive-map.json
aoc,Association of Colleges (AoC),Highlands College,South West,Member,http://www.highlands.ac.uk,https://www.aoc.co.uk/aoc/ajax/interactive-map.json
aoc,Association of Colleges (AoC),Hillcroft College,Greater London,Member,http://www.hillcroft.ac.uk,https://www.aoc.co.uk/aoc/ajax/interactive-map.json
aoc,Association of Colleges (AoC),Holy Cross College,North West,Member,http://www.holycross.ac.uk,https://www.aoc.co.uk/aoc/ajax/interactive-map.json
aoc,Association of Colleges (AoC),Holy Cross College,North West,Member,http://www.holycross.ac.uk,https://www.aoc.co.uk/aoc/ajax/interactive-map.json
aoc,Association of Colleges (AoC),Homefield College,East Midlands,Member,http://www.homefieldcollege.ac.uk,https://www.aoc.co.uk/aoc/ajax/interactive-map.json
aoc,Association of Colleges (AoC),Hopwood Hall College,North West,Member,http://www.hopwood.ac.uk,https://www.aoc.co.uk/aoc/ajax/interactive-map.json
aoc,Association of Colleges (AoC),Hopwood Hall College,North West,Member,http://www.hopwood.ac.uk,https://www.aoc.co.uk/aoc/ajax/interactive-map.json
aoc,Association of Colleges (AoC),Hopwood Hall College,North West,Member,http://www.hopwood.ac.uk,https://www.aoc.co.uk/aoc/ajax/interactive-map.json
aoc,Association of Colleges (AoC),"HRUC (Harrow, Richmond & Uxbridge Colleges)",Greater London,Member,https://www.hruc.ac.uk,https://www.aoc.co.uk/aoc/ajax/interactive-map.json
aoc,Association of Colleges (AoC),"HRUC - Harrow, Richmond & Uxbridge Colleges",Greater London,Member,https://www.hruc.ac.uk,https://www.aoc.co.uk/aoc/ajax/interactive-map.json
aoc,Association of Colleges (AoC),"HRUC - Harrow, Richmond & Uxbridge Colleges",Greater London,Member,https://www.hruc.ac.uk,https://www.aoc.co.uk/aoc/ajax/interactive-map.json
aoc,Association of Colleges (AoC),Hugh Baird College,North West,Member,http://www.hughbaird.ac.uk,https://www.aoc.co.uk/aoc/ajax/interactive-map.json
aoc,Association of Colleges (AoC),Hugh Baird College,North West,Member,http://www.hughbaird.ac.uk,https://www.aoc.co.uk/aoc/ajax/interactive-map.json
aoc,Association of Colleges (AoC),Hull College,Yorkshire & Humberside,Member,http://www.hull-college.ac.uk,https://www.aoc.co.uk/aoc/ajax/interactive-map.json
aoc,Association of Colleges (AoC),Huntingdonshire Regional College,East,Member,http://www.huntingdon.ac.uk,https://www.aoc.co.uk/aoc/ajax/interactive-map.json
aoc,Association of Colleges (AoC),Inspire Education Group,East,Member,http://www.ieg.ac.uk,https://www.aoc.co.uk/aoc/ajax/interactive-map.json
aoc,Association of Colleges (AoC),Inspire Education Group,East Midlands,Member,http://www.ieg.ac.uk,https://www.aoc.co.uk/aoc/ajax/interactive-map.json
aoc,Association of Colleges (AoC),Isle of Wight College,South East,Member,http://www.iwcollege.ac.uk,https://www.aoc.co.uk/aoc/ajax/interactive-map.json
aoc,Association of Colleges (AoC),Itchen College,South East,Member,http://www.itchen.ac.uk,https://www.aoc.co.uk/aoc/ajax/interactive-map.json
aoc,Association of Colleges (AoC),Itchen College,South East,Member,http://www.itchen.ac.uk,https://www.aoc.co.uk/aoc/ajax/interactive-map.json
aoc,Association of Colleges (AoC),John Leggott College,Yorkshire & Humberside,Member,http://www.leggott.ac.uk,https://www.aoc.co.uk/aoc/ajax/interactive-map.json
aoc,Association of Colleges (AoC),John Ruskin College,,Member,http://www.johnruskin.ac.uk,https://www.aoc.co.uk/aoc/ajax/interactive-map.json
aoc,Association of Colleges (AoC),John Ruskin College,Greater London,Member,http://www.johnruskin.ac.uk,https://www.aoc.co.uk/aoc/ajax/interactive-map.json
aoc,Association of Colleges (AoC),Joseph Chamberlain Sixth Form College,West Midlands,Member,http://www.jcc.ac.uk,https://www.aoc.co.uk/aoc/ajax/interactive-map.json
aoc,Association of Colleges (AoC),Keighley College,Yorkshire & Humberside,Member,https://www.keighleycollege.ac.uk,https://www.aoc.co.uk/aoc/ajax/interactive-map.json
aoc,Association of Colleges (AoC),Kendal College,North West,Member,http://www.kendal.ac.uk,https://www.aoc.co.uk/aoc/ajax/interactive-map.json
aoc,Association of Colleges (AoC),Kendal College,North West,Member,http://www.kendal.ac.uk,https://www.aoc.co.uk/aoc/ajax/interactive-map.json
aoc,Association of Colleges (AoC),Kidderminster College,West Midlands,Member,http://www.kidderminster.ac.uk,https://www.aoc.co.uk/aoc/ajax/interactive-map.json
aoc,Association of Colleges (AoC),Kingston College,Greater London,Member,https://www.kingston-college.ac.uk,https://www.aoc.co.uk/aoc/ajax/interactive-map.json
aoc,Association of Colleges (AoC),Kingston College,Greater London,Member,https://www.kingston-college.ac.uk,https://www.aoc.co.uk/aoc/ajax/interactive-map.json
aoc,Association of Colleges (AoC),Kingston Maurward College,South West,Member,https://www.kmc.ac.uk,https://www.aoc.co.uk/aoc/ajax/interactive-map.json
aoc,Association of Colleges (AoC),Kirklees College,Yorkshire & Humberside,Member,http://www.kirkleescollege.ac.uk,https://www.aoc.co.uk/aoc/ajax/interactive-map.json
aoc,Association of Colleges (AoC),Kirklees College,Yorkshire & Humberside,Member,http://www.kirkleescollege.ac.uk,https://www.aoc.co.uk/aoc/ajax/interactive-map.json
aoc,Association of Colleges (AoC),Knowsley Community College,North West,Member,http://www.knowsleycollege.ac.uk,https://www.aoc.co.uk/aoc/ajax/interactive-map.json
aoc,Association of Colleges (AoC),Lakes College West Cumbria,North West,Member,http://www.lcwc.ac.uk,https://www.aoc.co.uk/aoc/ajax/interactive-map.json
aoc,Association of Colleges (AoC),Lancaster and Morecambe College,North West,Member,http://www.lmc.ac.uk,https://www.aoc.co.uk/aoc/ajax/interactive-map.json
aoc,Association of Colleges (AoC),Lancaster and Morecambe College,North West,Member,http://www.lmc.ac.uk,https://www.aoc.co.uk/aoc/ajax/interactive-map.json
aoc,Association of Colleges (AoC),Langdon College,North West,Member,https://langdoncollege.org,https://www.aoc.co.uk/aoc/ajax/interactive-map.json
aoc,Association of Colleges (AoC),Langley College,South East,Member,https://www.windsor-forest.ac.uk/langley-college,https://www.aoc.co.uk/aoc/ajax/interactive-map.json
aoc,Association of Colleges (AoC),Leeds City College,Yorkshire & Humberside,Member,http://www.leedscitycollege.ac.uk,https://www.aoc.co.uk/aoc/ajax/interactive-map.json
aoc,Association of Colleges (AoC),Leeds City College,Yorkshire & Humberside,Member,http://www.leedscitycollege.ac.uk,https://www.aoc.co.uk/aoc/ajax/interactive-map.json
aoc,Association of Colleges (AoC),Leeds City College,Yorkshire & Humberside,Member,http://www.leedscitycollege.ac.uk,https://www.aoc.co.uk/aoc/ajax/interactive-map.json
aoc,Association of Colleges (AoC),Leicester College,East Midlands,Member,http://www.leicestercollege.ac.uk,https://www.aoc.co.uk/aoc/ajax/interactive-map.json
aoc,Association of Colleges (AoC),Leicester College,East Midlands,Member,http://www.leicestercollege.ac.uk,https://www.aoc.co.uk/aoc/ajax/interactive-map.json
aoc,Association of Colleges (AoC),Lewisham College,Greater London,Member,https://www.lscollege.ac.uk,https://www.aoc.co.uk/aoc/ajax/interactive-map.json
aoc,Association of Colleges (AoC),Lewisham College,Greater London,Member,https://www.lscollege.ac.uk,https://www.aoc.co.uk/aoc/ajax/interactive-map.json
aoc,Association of Colleges (AoC),Lewisham College,Greater London,Member,https://www.lscollege.ac.uk,https://www.aoc.co.uk/aoc/ajax/interactive-map.json
aoc,Association of Colleges (AoC),Leyton Sixth Form College,Greater London,Member,http://www.leyton.ac.uk,https://www.aoc.co.uk/aoc/ajax/interactive-map.json
aoc,Association of Colleges (AoC),Leyton Sixth Form College,Greater London,Member,http://www.leyton.ac.uk,https://www.aoc.co.uk/aoc/ajax/interactive-map.json
aoc,Association of Colleges (AoC),Leyton Sixth Form College,Greater London,Member,http://www.leyton.ac.uk,https://www.aoc.co.uk/aoc/ajax/interactive-map.json
aoc,Association of Colleges (AoC),Lincoln College,East Midlands,Member,http://www.lincolncollege.ac.uk,https://www.aoc.co.uk/aoc/ajax/interactive-map.json
aoc,Association of Colleges (AoC),Lincoln College,East Midlands,Member,http://www.lincolncollege.ac.uk,https://www.aoc.co.uk/aoc/ajax/interactive-map.json
aoc,Association of Colleges (AoC),Linkage College of Further Education,East Midlands,Member,http://www.linkage.org.uk,https://www.aoc.co.uk/aoc/ajax/interactive-map.json
aoc,Association of Colleges (AoC),Linkage College of Further Education,East Midlands,Member,http://www.linkage.org.uk,https://www.aoc.co.uk/aoc/ajax/interactive-map.json
aoc,Association of Colleges (AoC),London South East Colleges,Greater London,Member,https://www.lsec.ac.uk,https://www.aoc.co.uk/aoc/ajax/interactive-map.json
aoc,Association of Colleges (AoC),London South East Colleges,Greater London,Member,https://www.lsec.ac.uk,https://www.aoc.co.uk/aoc/ajax/interactive-map.json
aoc,Association of Colleges (AoC),London South East Colleges,Greater London,Member,https://www.lsec.ac.uk,https://www.aoc.co.uk/aoc/ajax/interactive-map.json
aoc,Association of Colleges (AoC),Long Road Sixth Form College,East,Member,http://www.longroad.ac.uk,https://www.aoc.co.uk/aoc/ajax/interactive-map.json
aoc,Association of Colleges (AoC),Loreto Sixth Form College,North West,Member,http://www.loreto.ac.uk,https://www.aoc.co.uk/aoc/ajax/interactive-map.json
aoc,Association of Colleges (AoC),Loughborough College Group,East Midlands,Member,http://www.loucoll.ac.uk,https://www.aoc.co.uk/aoc/ajax/interactive-map.json
aoc,Association of Colleges (AoC),Loughborough College Group,East Midlands,Member,http://www.loucoll.ac.uk,https://www.aoc.co.uk/aoc/ajax/interactive-map.json
aoc,Association of Colleges (AoC),Lowestoft Sixth Form College,East,Member,http://www.lowestoftsfc.ac.uk,https://www.aoc.co.uk/aoc/ajax/interactive-map.json
aoc,Association of Colleges (AoC),Ludlow College,West Midlands,Member,http://www.ludlow-college.ac.uk,https://www.aoc.co.uk/aoc/ajax/interactive-map.json
aoc,Association of Colleges (AoC),Luminate Education Group,Yorkshire & Humberside,Member,https://luminate.ac.uk,https://www.aoc.co.uk/aoc/ajax/interactive-map.json
aoc,Association of Colleges (AoC),Luton Sixth Form College,East,Member,http://www.lutonsfc.ac.uk,https://www.aoc.co.uk/aoc/ajax/interactive-map.json
aoc,Association of Colleges (AoC),Macclesfield College,North West,Member,http://www.macclesfield.ac.uk,https://www.aoc.co.uk/aoc/ajax/interactive-map.json
aoc,Association of Colleges (AoC),Mary Ward Centre,Greater London,Member,http://www.marywardcentre.ac.uk,https://www.aoc.co.uk/aoc/ajax/interactive-map.json
aoc,Association of Colleges (AoC),Mary Ward Centre,,Member,http://www.marywardcentre.ac.uk,https://www.aoc.co.uk/aoc/ajax/interactive-map.json
aoc,Association of Colleges (AoC),Mary Ward Centre,Greater London,Member,http://www.marywardcentre.ac.uk,https://www.aoc.co.uk/aoc/ajax/interactive-map.json
aoc,Association of Colleges (AoC),"Merrist Wood College, Guildford",South East,Member,http://www.merristwood.ac.uk,https://www.aoc.co.uk/aoc/ajax/interactive-map.json
aoc,Association of Colleges (AoC),Merton College,Greater London,Member,https://stcg.ac.uk/merton-college,https://www.aoc.co.uk/aoc/ajax/interactive-map.json
aoc,Association of Colleges (AoC),Merton College,Greater London,Member,https://stcg.ac.uk/merton-college,https://www.aoc.co.uk/aoc/ajax/interactive-map.json
aoc,Association of Colleges (AoC),Mid Cheshire College,North West,Member,http://www.midchesh.ac.uk,https://www.aoc.co.uk/aoc/ajax/interactive-map.json
aoc,Association of Colleges (AoC),Middlesbrough College,North East,Member,http://www.mbro.ac.uk,https://www.aoc.co.uk/aoc/ajax/interactive-map.json
aoc,Association of Colleges (AoC),Middlesbrough College,North East,Member,http://www.mbro.ac.uk,https://www.aoc.co.uk/aoc/ajax/interactive-map.json
aoc,Association of Colleges (AoC),MidKent College,South East,Member,http://www.midkent.ac.uk,https://www.aoc.co.uk/aoc/ajax/interactive-map.json
aoc,Association of Colleges (AoC),Milton Keynes College,South East,Member,http://www.mkcollege.ac.uk,https://www.aoc.co.uk/aoc/ajax/interactive-map.json
aoc,Association of Colleges (AoC),Milton Keynes College,South East,Member,http://www.mkcollege.ac.uk,https://www.aoc.co.uk/aoc/ajax/interactive-map.json
aoc,Association of Colleges (AoC),Morley College London,Greater London,Member,https://www.morleycollege.ac.uk,https://www.aoc.co.uk/aoc/ajax/interactive-map.json
aoc,Association of Colleges (AoC),Morley College London,Greater London,Member,https://www.morleycollege.ac.uk,https://www.aoc.co.uk/aoc/ajax/interactive-map.json
aoc,Association of Colleges (AoC),Morley College London - Chelsea Centre,Greater London,Member,https://www.morleycollege.ac.uk/chelsea-centre,https://www.aoc.co.uk/aoc/ajax/interactive-map.json
aoc,Association of Colleges (AoC),Morley College London - Chelsea Centre,Greater London,Member,https://www.morleycollege.ac.uk/chelsea-centre,https://www.aoc.co.uk/aoc/ajax/interactive-map.json
aoc,Association of Colleges (AoC),Moulton College,East Midlands,Member,http://www.moulton.ac.uk,https://www.aoc.co.uk/aoc/ajax/interactive-map.json
aoc,Association of Colleges (AoC),Moulton College,East Midlands,Member,http://www.moulton.ac.uk,https://www.aoc.co.uk/aoc/ajax/interactive-map.json
aoc,Association of Colleges (AoC),Moulton College,East Midlands,Member,http://www.moulton.ac.uk,https://www.aoc.co.uk/aoc/ajax/interactive-map.json
aoc,Association of Colleges (AoC),Myerscough College,North West,Member,http://www.myerscough.ac.uk,https://www.aoc.co.uk/aoc/ajax/interactive-map.json
aoc,Association of Colleges (AoC),National Star College,South West,Member,https://www.nationalstar.org,https://www.aoc.co.uk/aoc/ajax/interactive-map.json
aoc,Association of Colleges (AoC),NATSPEC,West Midlands,Member,,https://www.aoc.co.uk/aoc/ajax/interactive-map.json
aoc,Association of Colleges (AoC),Nelson and Colne College,North West,Member,https://www.nelson.ac.uk,https://www.aoc.co.uk/aoc/ajax/interactive-map.json
aoc,Association of Colleges (AoC),Nelson and Colne College,North West,Member,https://www.nelson.ac.uk,https://www.aoc.co.uk/aoc/ajax/interactive-map.json
aoc,Association of Colleges (AoC),New City College,Greater London,Member,https://www.ncclondon.ac.uk,https://www.aoc.co.uk/aoc/ajax/interactive-map.json
aoc,Association of Colleges (AoC),New City College,Greater London,Member,https://www.ncclondon.ac.uk,https://www.aoc.co.uk/aoc/ajax/interactive-map.json
aoc,Association of Colleges (AoC),New College Durham,North East,Member,http://www.newdur.ac.uk,https://www.aoc.co.uk/aoc/ajax/interactive-map.json
aoc,Association of Colleges (AoC),New College Nottingham,East Midlands,Member,http://www.ncn.ac.uk,https://www.aoc.co.uk/aoc/ajax/interactive-map.json
aoc,Association of Colleges (AoC),New College Swindon,South West,Member,https://www.newcollege.ac.uk,https://www.aoc.co.uk/aoc/ajax/interactive-map.json
aoc,Association of Colleges (AoC),Newbury College,South East,Member,http://www.newbury-college.ac.uk,https://www.aoc.co.uk/aoc/ajax/interactive-map.json
aoc,Association of Colleges (AoC),Newcastle and Stafford Colleges Group (NSCG),West Midlands,Member,https://www.nscg.ac.uk,https://www.aoc.co.uk/aoc/ajax/interactive-map.json
aoc,Association of Colleges (AoC),Newcastle and Stafford Colleges Group (NSCG),West Midlands,Member,https://www.nscg.ac.uk,https://www.aoc.co.uk/aoc/ajax/interactive-map.json
aoc,Association of Colleges (AoC),Newcastle College,North East,Member,https://www.ncl-coll.ac.uk,https://www.aoc.co.uk/aoc/ajax/interactive-map.json
aoc,Association of Colleges (AoC),Newcastle Sixth Form College,North East,Member,http://www.newcastlesixthformcollege.co.uk,https://www.aoc.co.uk/aoc/ajax/interactive-map.json
aoc,Association of Colleges (AoC),Newcastle under Lyme College,West Midlands,Member,http://www.nulc.ac.uk,https://www.aoc.co.uk/aoc/ajax/interactive-map.json
aoc,Association of Colleges (AoC),Newcastle under Lyme College,West Midlands,Member,http://www.nulc.ac.uk,https://www.aoc.co.uk/aoc/ajax/interactive-map.json
aoc,Association of Colleges (AoC),Newham College of Further Education,Greater London,Member,http://www.newham.ac.uk,https://www.aoc.co.uk/aoc/ajax/interactive-map.json
aoc,Association of Colleges (AoC),Newham College of Further Education,Greater London,Member,http://www.newham.ac.uk,https://www.aoc.co.uk/aoc/ajax/interactive-map.json
aoc,Association of Colleges (AoC),Newham College of Further Education,Greater London,Member,http://www.newham.ac.uk,https://www.aoc.co.uk/aoc/ajax/interactive-map.json
aoc,Association of Colleges (AoC),Newham Sixth Form College (NewVIc),Greater London,Member,http://www.newvic.ac.uk,https://www.aoc.co.uk/aoc/ajax/interactive-map.json
aoc,Association of Colleges (AoC),Newham Sixth Form College (NewVIc),Greater London,Member,http://www.newvic.ac.uk,https://www.aoc.co.uk/aoc/ajax/interactive-map.json
aoc,Association of Colleges (AoC),Newton Rigg College,North West,Member,https://www.newtonrigg.ac.uk,https://www.aoc.co.uk/aoc/ajax/interactive-map.json
aoc,Association of Colleges (AoC),North East Surrey College of Technology (NESCOT),South East,Member,http://www.nescot.ac.uk,https://www.aoc.co.uk/aoc/ajax/interactive-map.json
aoc,Association of Colleges (AoC),North East Surrey College of Technology (NESCOT),South East,Member,http://www.nescot.ac.uk,https://www.aoc.co.uk/aoc/ajax/interactive-map.json
aoc,Association of Colleges (AoC),North Hertfordshire College,East,Member,http://www.nhc.ac.uk,https://www.aoc.co.uk/aoc/ajax/interactive-map.json
aoc,Association of Colleges (AoC),North Hertfordshire College,East,Member,http://www.nhc.ac.uk,https://www.aoc.co.uk/aoc/ajax/interactive-map.json
aoc,Association of Colleges (AoC),North Kent College,South East,Member,https://www.northkent.ac.uk,https://www.aoc.co.uk/aoc/ajax/interactive-map.json
aoc,Association of Colleges (AoC),North Kent College,South East,Member,https://www.northkent.ac.uk,https://www.aoc.co.uk/aoc/ajax/interactive-map.json
aoc,Association of Colleges (AoC),North Lindsey College,Yorkshire & Humberside,Member,https://www.northlindsey.ac.uk,https://www.aoc.co.uk/aoc/ajax/interactive-map.json
aoc,Association of Colleges (AoC),North Nottinghamshire College,East Midlands,Member,http://www.nnc.ac.uk,https://www.aoc.co.uk/aoc/ajax/interactive-map.json
aoc,Association of Colleges (AoC),North Shropshire College,West Midlands,Member,http://www.wnsc.ac.uk,https://www.aoc.co.uk/aoc/ajax/interactive-map.json
aoc,Association of Colleges (AoC),North Warwickshire and South Leicestershire College,West Midlands,Member,https://www.nwslc.ac.uk,https://www.aoc.co.uk/aoc/ajax/interactive-map.json
aoc,Association of Colleges (AoC),Northampton College,East Midlands,Member,http://www.northamptoncollege.ac.uk,https://www.aoc.co.uk/aoc/ajax/interactive-map.json
aoc,Association of Colleges (AoC),Northampton College,East Midlands,Member,http://www.northamptoncollege.ac.uk,https://www.aoc.co.uk/aoc/ajax/interactive-map.json
aoc,Association of Colleges (AoC),Northbrook College Sussex,South East,Member,http://www.northbrook.ac.uk,https://www.aoc.co.uk/aoc/ajax/interactive-map.json
aoc,Association of Colleges (AoC),Northern College for Residential Adult Education,Yorkshire & Humberside,Member,http://www.northern.ac.uk,https://www.aoc.co.uk/aoc/ajax/interactive-map.json
aoc,Association of Colleges (AoC),Nottingham College,East Midlands,Member,http://www.nottinghamcollege.ac.uk,https://www.aoc.co.uk/aoc/ajax/interactive-map.json
aoc,Association of Colleges (AoC),Nottingham College,East Midlands,Member,http://www.nottinghamcollege.ac.uk,https://www.aoc.co.uk/aoc/ajax/interactive-map.json
aoc,Association of Colleges (AoC),Nottingham College,East Midlands,Member,http://www.nottinghamcollege.ac.uk,https://www.aoc.co.uk/aoc/ajax/interactive-map.json
aoc,Association of Colleges (AoC),Oaklands College,East,Member,http://www.oaklands.ac.uk,https://www.aoc.co.uk/aoc/ajax/interactive-map.json
aoc,Association of Colleges (AoC),Oaklands College,,Member,http://www.oaklands.ac.uk,https://www.aoc.co.uk/aoc/ajax/interactive-map.json
aoc,Association of Colleges (AoC),Oaklands College,East,Member,http://www.oaklands.ac.uk,https://www.aoc.co.uk/aoc/ajax/interactive-map.json
aoc,Association of Colleges (AoC),Oldham College,North West,Member,http://www.oldham.ac.uk,https://www.aoc.co.uk/aoc/ajax/interactive-map.json
aoc,Association of Colleges (AoC),Oldham Sixth Form College,North West,Member,http://www.osfc.ac.uk,https://www.aoc.co.uk/aoc/ajax/interactive-map.json
aoc,Association of Colleges (AoC),Orbital South Colleges,South East,Member,https://www.esc.ac.uk/Orbital-south-colleges,https://www.aoc.co.uk/aoc/ajax/interactive-map.json
aoc,Association of Colleges (AoC),Orchard Hill College,Greater London,Member,https://www.orchardhill.ac.uk,https://www.aoc.co.uk/aoc/ajax/interactive-map.json
aoc,Association of Colleges (AoC),Orchard Hill College,Greater London,Member,https://www.orchardhill.ac.uk,https://www.aoc.co.uk/aoc/ajax/interactive-map.json
aoc,Association of Colleges (AoC),Orchard Hill College,Greater London,Member,https://www.orchardhill.ac.uk,https://www.aoc.co.uk/aoc/ajax/interactive-map.json
aoc,Association of Colleges (AoC),Orpheus Centre,South East,Member,http://www.orpheus.org.uk,https://www.aoc.co.uk/aoc/ajax/interactive-map.json
aoc,Association of Colleges (AoC),Palmer's College,East,Member,https://www.palmers.ac.uk,https://www.aoc.co.uk/aoc/ajax/interactive-map.json
aoc,Association of Colleges (AoC),Paston Sixth Form College,East,Member,http://www.paston.ac.uk,https://www.aoc.co.uk/aoc/ajax/interactive-map.json
aoc,Association of Colleges (AoC),Peter Symonds College,South East,Member,http://www.psc.ac.uk,https://www.aoc.co.uk/aoc/ajax/interactive-map.json
aoc,Association of Colleges (AoC),Peter Symonds College,South East,Member,http://www.psc.ac.uk,https://www.aoc.co.uk/aoc/ajax/interactive-map.json
aoc,Association of Colleges (AoC),Peterborough College,East,Member,http://www.peterborough.ac.uk,https://www.aoc.co.uk/aoc/ajax/interactive-map.json
aoc,Association of Colleges (AoC),Petroc,South West,Member,http://www.petroc.ac.uk,https://www.aoc.co.uk/aoc/ajax/interactive-map.json
aoc,Association of Colleges (AoC),Petty Pool,North West,Member,https://www.pettypool.org.uk,https://www.aoc.co.uk/aoc/ajax/interactive-map.json
aoc,Association of Colleges (AoC),Pinc College,North West,Member,https://pinccollege.ac.uk,https://www.aoc.co.uk/aoc/ajax/interactive-map.json
aoc,Association of Colleges (AoC),Plumpton College,South East,Member,http://www.plumpton.ac.uk,https://www.aoc.co.uk/aoc/ajax/interactive-map.json
aoc,Association of Colleges (AoC),Portland College,East Midlands,Member,http://www.portland.ac.uk,https://www.aoc.co.uk/aoc/ajax/interactive-map.json
aoc,Association of Colleges (AoC),Portsmouth College,South East,Member,https://portsmouth-college.ac.uk,https://www.aoc.co.uk/aoc/ajax/interactive-map.json
aoc,Association of Colleges (AoC),Preston College,North West,Member,http://www.preston.ac.uk,https://www.aoc.co.uk/aoc/ajax/interactive-map.json
aoc,Association of Colleges (AoC),Preston College,North West,Member,http://www.preston.ac.uk,https://www.aoc.co.uk/aoc/ajax/interactive-map.json
aoc,Association of Colleges (AoC),Prior Pursglove and Stockton Sixth Form,North East,Member,https://pursglove.ac.uk,https://www.aoc.co.uk/aoc/ajax/interactive-map.json
aoc,Association of Colleges (AoC),Prior Pursglove College,North East,Member,http://www.pursglove.ac.uk,https://www.aoc.co.uk/aoc/ajax/interactive-map.json
aoc,Association of Colleges (AoC),Prospects College of Advanced Technology (PROCAT),East,Member,http://www.procat.ac.uk,https://www.aoc.co.uk/aoc/ajax/interactive-map.json
aoc,Association of Colleges (AoC),Queen Alexandra College,West Midlands,Member,http://www.qac.ac.uk,https://www.aoc.co.uk/aoc/ajax/interactive-map.json
aoc,Association of Colleges (AoC),Queen Alexandra College,West Midlands,Member,http://www.qac.ac.uk,https://www.aoc.co.uk/aoc/ajax/interactive-map.json
aoc,Association of Colleges (AoC),Reading College,South East,Member,http://www.reading-college.ac.uk,https://www.aoc.co.uk/aoc/ajax/interactive-map.json
aoc,Association of Colleges (AoC),Reaseheath College,North West,Member,http://www.reaseheath.ac.uk,https://www.aoc.co.uk/aoc/ajax/interactive-map.json
aoc,Association of Colleges (AoC),Reaseheath College,North West,Member,http://www.reaseheath.ac.uk,https://www.aoc.co.uk/aoc/ajax/interactive-map.json
aoc,Association of Colleges (AoC),Redbridge College,Greater London,Member,https://www.ncclondon.ac.uk/redbridge-campus,https://www.aoc.co.uk/aoc/ajax/interactive-map.json
aoc,Association of Colleges (AoC),Redcar and Cleveland College,North East,Member,http://www.cleveland.ac.uk,https://www.aoc.co.uk/aoc/ajax/interactive-map.json
aoc,Association of Colleges (AoC),Regent College,East Midlands,Member,http://www.regent-college.ac.uk,https://www.aoc.co.uk/aoc/ajax/interactive-map.json
aoc,Association of Colleges (AoC),Richmond and Hillcroft Adult and Community College (RHACC),Greater London,Member,https://www.rhacc.ac.uk,https://www.aoc.co.uk/aoc/ajax/interactive-map.json
aoc,Association of Colleges (AoC),Richmond and Hillcroft Adult Community College (RHACC),Greater London,Member,https://www.rhacc.ac.uk,https://www.aoc.co.uk/aoc/ajax/interactive-map.json
aoc,Association of Colleges (AoC),Riverside College,North West,Member,http://www.riversidecollege.ac.uk,https://www.aoc.co.uk/aoc/ajax/interactive-map.json
aoc,Association of Colleges (AoC),RNN Group,Yorkshire & Humberside,Member,http://www.rnngroup.co.uk,https://www.aoc.co.uk/aoc/ajax/interactive-map.json
aoc,Association of Colleges (AoC),Rotherham College,Yorkshire & Humberside,Member,http://www.rotherham.ac.uk,https://www.aoc.co.uk/aoc/ajax/interactive-map.json
aoc,Association of Colleges (AoC),Runshaw College,North West,Member,http://www.runshaw.ac.uk,https://www.aoc.co.uk/aoc/ajax/interactive-map.json
aoc,Association of Colleges (AoC),Runshaw College,North West,Member,http://www.runshaw.ac.uk,https://www.aoc.co.uk/aoc/ajax/interactive-map.json
aoc,Association of Colleges (AoC),Salford City College,North West,Member,https://www.salfordcc.ac.uk,https://www.aoc.co.uk/aoc/ajax/interactive-map.json
aoc,Association of Colleges (AoC),Salford City College,North West,Member,https://www.salfordcc.ac.uk,https://www.aoc.co.uk/aoc/ajax/interactive-map.json
aoc,Association of Colleges (AoC),Sandwell College,West Midlands,Member,http://www.sandwell.ac.uk,https://www.aoc.co.uk/aoc/ajax/interactive-map.json
aoc,Association of Colleges (AoC),Sandwell College,West Midlands,Member,http://www.sandwell.ac.uk,https://www.aoc.co.uk/aoc/ajax/interactive-map.json
aoc,Association of Colleges (AoC),Scarborough TEC,Yorkshire & Humberside,Member,https://www.scarboroughtec.ac.uk,https://www.aoc.co.uk/aoc/ajax/interactive-map.json
aoc,Association of Colleges (AoC),Seashell Trust - Royal College Manchester,North West,Member,http://www.seashelltrust.org.uk,https://www.aoc.co.uk/aoc/ajax/interactive-map.json
aoc,Association of Colleges (AoC),SEEVIC College,East,Member,http://www.seevic-college.ac.uk,https://www.aoc.co.uk/aoc/ajax/interactive-map.json
aoc,Association of Colleges (AoC),Selby College,Yorkshire & Humberside,Member,https://www.selby.ac.uk,https://www.aoc.co.uk/aoc/ajax/interactive-map.json
aoc,Association of Colleges (AoC),Sense,East Midlands,Member,,https://www.aoc.co.uk/aoc/ajax/interactive-map.json
aoc,Association of Colleges (AoC),Sheppey College,South East,Member,https://www.ekcgroup.ac.uk/colleges/sheppey-college,https://www.aoc.co.uk/aoc/ajax/interactive-map.json
aoc,Association of Colleges (AoC),Shipley College,Yorkshire & Humberside,Member,http://www.shipley.ac.uk,https://www.aoc.co.uk/aoc/ajax/interactive-map.json
aoc,Association of Colleges (AoC),Shooters Hill Sixth Form College,Greater London,Member,https://www.shc.ac.uk,https://www.aoc.co.uk/aoc/ajax/interactive-map.json
aoc,Association of Colleges (AoC),Shooters Hill Sixth Form College,Greater London,Member,https://www.shc.ac.uk,https://www.aoc.co.uk/aoc/ajax/interactive-map.json
aoc,Association of Colleges (AoC),Shrewsbury College,West Midlands,Member,http://www.shrewsbury.ac.uk,https://www.aoc.co.uk/aoc/ajax/interactive-map.json
aoc,Association of Colleges (AoC),Shuttleworth College,East,Member,https://www.shuttleworth.ac.uk,https://www.aoc.co.uk/aoc/ajax/interactive-map.json
aoc,Association of Colleges (AoC),Sir George Monoux College,Greater London,Member,https://www.sgmc.ac.uk,https://www.aoc.co.uk/aoc/ajax/interactive-map.json
aoc,Association of Colleges (AoC),Sir George Monoux College,Greater London,Member,https://www.sgmc.ac.uk,https://www.aoc.co.uk/aoc/ajax/interactive-map.json
aoc,Association of Colleges (AoC),SK College Group,North West,Member,http://www.sthelens.ac.uk,https://www.aoc.co.uk/aoc/ajax/interactive-map.json
aoc,Association of Colleges (AoC),SK College Group,North West,Member,http://www.sthelens.ac.uk,https://www.aoc.co.uk/aoc/ajax/interactive-map.json
aoc,Association of Colleges (AoC),Skegness TEC,East Midlands,Member,https://skegnesstec.ac.uk,https://www.aoc.co.uk/aoc/ajax/interactive-map.json
aoc,Association of Colleges (AoC),Solihull College & University Centre,West Midlands,Member,http://www.solihull.ac.uk,https://www.aoc.co.uk/aoc/ajax/interactive-map.json
aoc,Association of Colleges (AoC),Solihull College & University Centre,West Midlands,Member,http://www.solihull.ac.uk,https://www.aoc.co.uk/aoc/ajax/interactive-map.json
aoc,Association of Colleges (AoC),"Somerset College, University Centre",South West,Member,http://www.somerset.ac.uk,https://www.aoc.co.uk/aoc/ajax/interactive-map.json
aoc,Association of Colleges (AoC),South and City College Birmingham,West Midlands,Member,http://www.sccb.ac.uk,https://www.aoc.co.uk/aoc/ajax/interactive-map.json
aoc,Association of Colleges (AoC),South and City College Birmingham,West Midlands,Member,http://www.sccb.ac.uk,https://www.aoc.co.uk/aoc/ajax/interactive-map.json
aoc,Association of Colleges (AoC),South Bank Colleges,Greater London,Member,https://www.southbankcolleges.ac.uk,https://www.aoc.co.uk/aoc/ajax/interactive-map.json
aoc,Association of Colleges (AoC),South Bank Colleges,Greater London,Member,https://www.southbankcolleges.ac.uk,https://www.aoc.co.uk/aoc/ajax/interactive-map.json
aoc,Association of Colleges (AoC),South Bank Colleges,Greater London,Member,https://www.southbankcolleges.ac.uk,https://www.aoc.co.uk/aoc/ajax/interactive-map.json
aoc,Association of Colleges (AoC),South Cheshire College,North West,Member,https://www.ccsw.ac.uk,https://www.aoc.co.uk/aoc/ajax/interactive-map.json
aoc,Association of Colleges (AoC),South Devon College,South West,Member,http://www.southdevon.ac.uk,https://www.aoc.co.uk/aoc/ajax/interactive-map.json
aoc,Association of Colleges (AoC),South Devon College,South West,Member,http://www.southdevon.ac.uk,https://www.aoc.co.uk/aoc/ajax/interactive-map.json
aoc,Association of Colleges (AoC),South Devon College,South West,Member,http://www.southdevon.ac.uk,https://www.aoc.co.uk/aoc/ajax/interactive-map.json
aoc,Association of Colleges (AoC),South Downs College,South East,Member,http://www.southdowns.ac.uk,https://www.aoc.co.uk/aoc/ajax/interactive-map.json
aoc,Association of Colleges (AoC),South Essex College of Further and Higher Education,East,Member,http://www.southessex.ac.uk,https://www.aoc.co.uk/aoc/ajax/interactive-map.json
aoc,Association of Colleges (AoC),South Gloucestershire and Stroud College,South West,Member,http://www.sgscol.ac.uk,https://www.aoc.co.uk/aoc/ajax/interactive-map.json
aoc,Association of Colleges (AoC),South Gloucestershire and Stroud College,South West,Member,http://www.sgscol.ac.uk,https://www.aoc.co.uk/aoc/ajax/interactive-map.json
aoc,Association of Colleges (AoC),South Hampshire College Group,South East,Member,http://www.fareham.ac.uk,https://www.aoc.co.uk/aoc/ajax/interactive-map.json
aoc,Association of Colleges (AoC),South Hampshire College Group,South East,Member,http://www.fareham.ac.uk,https://www.aoc.co.uk/aoc/ajax/interactive-map.json
aoc,Association of Colleges (AoC),South Hampshire College Group (SHCG),South East,Member,http://www.fareham.ac.uk,https://www.aoc.co.uk/aoc/ajax/interactive-map.json
aoc,Association of Colleges (AoC),South Kent College,South East,Member,http://www.southkent.ac.uk,https://www.aoc.co.uk/aoc/ajax/interactive-map.json
aoc,Association of Colleges (AoC),South Leicestershire College,East Midlands,Member,http://www.slcollege.ac.uk,https://www.aoc.co.uk/aoc/ajax/interactive-map.json
aoc,Association of Colleges (AoC),South Staffordshire College,West Midlands,Member,http://www.southstaffs.ac.uk,https://www.aoc.co.uk/aoc/ajax/interactive-map.json
aoc,Association of Colleges (AoC),South Thames College,Greater London,Member,https://www.south-thames.ac.uk,https://www.aoc.co.uk/aoc/ajax/interactive-map.json
aoc,Association of Colleges (AoC),South Thames College,Greater London,Member,https://www.south-thames.ac.uk,https://www.aoc.co.uk/aoc/ajax/interactive-map.json
aoc,Association of Colleges (AoC),South Tyneside College,North East,Member,http://www.stc.ac.uk,https://www.aoc.co.uk/aoc/ajax/interactive-map.json
aoc,Association of Colleges (AoC),Southport College (Southport Education Group),North West,Member,https://www.southport.ac.uk,https://www.aoc.co.uk/aoc/ajax/interactive-map.json
aoc,Association of Colleges (AoC),Southport College (Southport Education Group),North West,Member,https://www.southport.ac.uk,https://www.aoc.co.uk/aoc/ajax/interactive-map.json
aoc,Association of Colleges (AoC),Southwark College,Greater London,Member,https://www.lscollege.ac.uk,https://www.aoc.co.uk/aoc/ajax/interactive-map.json
aoc,Association of Colleges (AoC),Southwark College,Greater London,Member,https://www.lscollege.ac.uk,https://www.aoc.co.uk/aoc/ajax/interactive-map.json
aoc,Association of Colleges (AoC),Sparsholt College Group,South East,Member,http://www.sparsholt.ac.uk,https://www.aoc.co.uk/aoc/ajax/interactive-map.json
aoc,Association of Colleges (AoC),St Brendan's Sixth Form College,South West,Member,http://www.stbrn.ac.uk,https://www.aoc.co.uk/aoc/ajax/interactive-map.json
aoc,Association of Colleges (AoC),St Brendan's Sixth Form College,South West,Member,http://www.stbrn.ac.uk,https://www.aoc.co.uk/aoc/ajax/interactive-map.json
aoc,Association of Colleges (AoC),St Charles Catholic Sixth Form College,Greater London,Member,http://www.stcharles.ac.uk,https://www.aoc.co.uk/aoc/ajax/interactive-map.json
aoc,Association of Colleges (AoC),St Charles Catholic Sixth Form College,Greater London,Member,http://www.stcharles.ac.uk,https://www.aoc.co.uk/aoc/ajax/interactive-map.json
aoc,Association of Colleges (AoC),St Francis Xavier Sixth Form College,Greater London,Member,http://www.sfx.ac.uk,https://www.aoc.co.uk/aoc/ajax/interactive-map.json
aoc,Association of Colleges (AoC),St Francis Xavier Sixth Form College,Greater London,Member,http://www.sfx.ac.uk,https://www.aoc.co.uk/aoc/ajax/interactive-map.json
aoc,Association of Colleges (AoC),St Helens College,North West,Member,https://www.sthelens.ac.uk,https://www.aoc.co.uk/aoc/ajax/interactive-map.json
aoc,Association of Colleges (AoC),St Helens College,North West,Member,https://www.sthelens.ac.uk,https://www.aoc.co.uk/aoc/ajax/interactive-map.json
aoc,Association of Colleges (AoC),Stafford College,West Midlands,Member,https://nscg.ac.uk,https://www.aoc.co.uk/aoc/ajax/interactive-map.json
aoc,Association of Colleges (AoC),Stamford College,East Midlands,Member,http://www.stamford.ac.uk,https://www.aoc.co.uk/aoc/ajax/interactive-map.json
aoc,Association of Colleges (AoC),Stamford College,East Midlands,Member,http://www.stamford.ac.uk,https://www.aoc.co.uk/aoc/ajax/interactive-map.json
aoc,Association of Colleges (AoC),Stanmore College,Greater London,Member,http://www.stanmore.ac.uk,https://www.aoc.co.uk/aoc/ajax/interactive-map.json
aoc,Association of Colleges (AoC),Stanmore College,Greater London,Member,http://www.stanmore.ac.uk,https://www.aoc.co.uk/aoc/ajax/interactive-map.json
aoc,Association of Colleges (AoC),Stansted Airport College,East,Member,https://www.stanstedairportcollege.ac.uk,https://www.aoc.co.uk/aoc/ajax/interactive-map.json
aoc,Association of Colleges (AoC),Stephenson College (SMB Group),East Midlands,Member,http://www.stephensoncoll.ac.uk,https://www.aoc.co.uk/aoc/ajax/interactive-map.json
aoc,Association of Colleges (AoC),Stockport College,North West,Member,http://www.stockport.ac.uk,https://www.aoc.co.uk/aoc/ajax/interactive-map.json
aoc,Association of Colleges (AoC),Stockton Riverside College,North East,Member,https://www.stockton.ac.uk,https://www.aoc.co.uk/aoc/ajax/interactive-map.json
aoc,Association of Colleges (AoC),Stockton Sixth Form College,North East,Member,http://www.stocktonsfc.ac.uk,https://www.aoc.co.uk/aoc/ajax/interactive-map.json
aoc,Association of Colleges (AoC),Stoke-on-Trent College,West Midlands,Member,https://www.stokecoll.ac.uk,https://www.aoc.co.uk/aoc/ajax/interactive-map.json
aoc,Association of Colleges (AoC),Stoke-on-Trent College,West Midlands,Member,https://www.stokecoll.ac.uk,https://www.aoc.co.uk/aoc/ajax/interactive-map.json
aoc,Association of Colleges (AoC),Stratford-upon-Avon College,West Midlands,Member,http://www.stratford.ac.uk,https://www.aoc.co.uk/aoc/ajax/interactive-map.json
aoc,Association of Colleges (AoC),Strode College,South West,Member,http://www.strode-college.ac.uk,https://www.aoc.co.uk/aoc/ajax/interactive-map.json
aoc,Association of Colleges (AoC),Strode's College,South East,Member,http://www.strodes.ac.uk,https://www.aoc.co.uk/aoc/ajax/interactive-map.json
aoc,Association of Colleges (AoC),Suffolk New College,East,Member,https://www.suffolk.ac.uk,https://www.aoc.co.uk/aoc/ajax/interactive-map.json
aoc,Association of Colleges (AoC),Sussex Downs College,South East,Member,https://www.escg.ac.uk/explore/eastbourne,https://www.aoc.co.uk/aoc/ajax/interactive-map.json
aoc,Association of Colleges (AoC),Swindon College,South West,Member,http://www.swindon-college.ac.uk,https://www.aoc.co.uk/aoc/ajax/interactive-map.json
aoc,Association of Colleges (AoC),Tameside College,North West,Member,http://www.tameside.ac.uk,https://www.aoc.co.uk/aoc/ajax/interactive-map.json
aoc,Association of Colleges (AoC),Tees Valley Collaborative Trust,North East,Member,https://atomix.ac.uk,https://www.aoc.co.uk/aoc/ajax/interactive-map.json
aoc,Association of Colleges (AoC),Telford College,West Midlands,Member,https://www.telfordcollege.ac.uk,https://www.aoc.co.uk/aoc/ajax/interactive-map.json
aoc,Association of Colleges (AoC),The City of Liverpool College,North West,Member,http://www.liv-coll.ac.uk,https://www.aoc.co.uk/aoc/ajax/interactive-map.json
aoc,Association of Colleges (AoC),The College Of Haringey Enfield and North East London,Greater London,Member,http://www.conel.ac.uk,https://www.aoc.co.uk/aoc/ajax/interactive-map.json
aoc,Association of Colleges (AoC),The College Of Haringey Enfield and North East London,Greater London,Member,http://www.conel.ac.uk,https://www.aoc.co.uk/aoc/ajax/interactive-map.json
aoc,Association of Colleges (AoC),The College of West Anglia,East,Member,https://www.cwa.ac.uk,https://www.aoc.co.uk/aoc/ajax/interactive-map.json
aoc,Association of Colleges (AoC),The College of West Anglia,East,Member,https://www.cwa.ac.uk,https://www.aoc.co.uk/aoc/ajax/interactive-map.json
aoc,Association of Colleges (AoC),The College of West Anglia,East,Member,https://www.cwa.ac.uk,https://www.aoc.co.uk/aoc/ajax/interactive-map.json
aoc,Association of Colleges (AoC),The College of West Anglia,East,Member,https://www.cwa.ac.uk,https://www.aoc.co.uk/aoc/ajax/interactive-map.json
aoc,Association of Colleges (AoC),The Education Training Collective,North East,Member,https://www.the-etc.ac.uk,https://www.aoc.co.uk/aoc/ajax/interactive-map.json
aoc,Association of Colleges (AoC),The Guernsey Institute,South West,Member,http://www.guernseycollege.ac.gg,https://www.aoc.co.uk/aoc/ajax/interactive-map.json
aoc,Association of Colleges (AoC),The Isle of Wight College,South East,Member,http://www.iwcollege.ac.uk,https://www.aoc.co.uk/aoc/ajax/interactive-map.json
aoc,Association of Colleges (AoC),The Manchester College,North West,Member,https://www.tmc.ac.uk,https://www.aoc.co.uk/aoc/ajax/interactive-map.json
aoc,Association of Colleges (AoC),The Northern School of Art,North East,Member,https://www.northernart.ac.uk,https://www.aoc.co.uk/aoc/ajax/interactive-map.json
aoc,Association of Colleges (AoC),The Oldham College,North West,Member,http://www.oldham.ac.uk,https://www.aoc.co.uk/aoc/ajax/interactive-map.json
aoc,Association of Colleges (AoC),The Sheffield College,Yorkshire & Humberside,Member,http://www.sheffcol.ac.uk,https://www.aoc.co.uk/aoc/ajax/interactive-map.json
aoc,Association of Colleges (AoC),The Sheffield College,Yorkshire & Humberside,Member,http://www.sheffcol.ac.uk,https://www.aoc.co.uk/aoc/ajax/interactive-map.json
aoc,Association of Colleges (AoC),The Trafford & Stockport College Group (TSCG),North West,Member,https://trafford.ac.uk,https://www.aoc.co.uk/aoc/ajax/interactive-map.json
aoc,Association of Colleges (AoC),Thornbeck College - North East Autism Society,North East,Member,https://www.ne-as.org.uk,https://www.aoc.co.uk/aoc/ajax/interactive-map.json
aoc,Association of Colleges (AoC),Tower Hamlets College,Greater London,Member,https://www.ncclondon.ac.uk/tower-hamlets-campus,https://www.aoc.co.uk/aoc/ajax/interactive-map.json
aoc,Association of Colleges (AoC),Tower Hamlets College,Greater London,Member,https://www.ncclondon.ac.uk/tower-hamlets-campus,https://www.aoc.co.uk/aoc/ajax/interactive-map.json
aoc,Association of Colleges (AoC),Trafford & Stockport College Group (TSCG),North West,Member,https://trafford.ac.uk,https://www.aoc.co.uk/aoc/ajax/interactive-map.json
aoc,Association of Colleges (AoC),Tresham College of Further and Higher Education,East,Member,http://www.tresham.ac.uk,https://www.aoc.co.uk/aoc/ajax/interactive-map.json
aoc,Association of Colleges (AoC),Trinity Specialist College,West Midlands,Member,https://trinityspecialistcollege.co.uk,https://www.aoc.co.uk/aoc/ajax/interactive-map.json
aoc,Association of Colleges (AoC),Trinity Specialist College,West Midlands,Member,https://trinityspecialistcollege.co.uk,https://www.aoc.co.uk/aoc/ajax/interactive-map.json
aoc,Association of Colleges (AoC),Truro and Penwith College,South West,Member,https://www.truro-penwith.ac.uk,https://www.aoc.co.uk/aoc/ajax/interactive-map.json
aoc,Association of Colleges (AoC),Tyne Coast College,North East,Member,http://www.tynecoast.ac.uk,https://www.aoc.co.uk/aoc/ajax/interactive-map.json
aoc,Association of Colleges (AoC),Tyne Metropolitan College,North East,Member,http://www.tynemet.ac.uk,https://www.aoc.co.uk/aoc/ajax/interactive-map.json
aoc,Association of Colleges (AoC),UCM University College Isle of Man,North West,Member,https://ucm.ac.im,https://www.aoc.co.uk/aoc/ajax/interactive-map.json
aoc,Association of Colleges (AoC),UCS College Group,South West,Member,https://www.ucscollegegroup.ac.uk,https://www.aoc.co.uk/aoc/ajax/interactive-map.json
aoc,Association of Colleges (AoC),UCS College Group,South West,Member,https://www.btc.ac.uk,https://www.aoc.co.uk/aoc/ajax/interactive-map.json
aoc,Association of Colleges (AoC),Unified Seevic Palmers College (USP College),East,Member,https://www.uspcollege.ac.uk,https://www.aoc.co.uk/aoc/ajax/interactive-map.json
aoc,Association of Colleges (AoC),United Colleges Group,Greater London,Member,https://ucg.ac.uk,https://www.aoc.co.uk/aoc/ajax/interactive-map.json
aoc,Association of Colleges (AoC),United Colleges Group,,Member,https://ucg.ac.uk,https://www.aoc.co.uk/aoc/ajax/interactive-map.json
aoc,Association of Colleges (AoC),United Colleges Group,Greater London,Member,https://ucg.ac.uk,https://www.aoc.co.uk/aoc/ajax/interactive-map.json
aoc,Association of Colleges (AoC),University of Derby-Buxton,East Midlands,Member,http://www.blc.ac.uk,https://www.aoc.co.uk/aoc/ajax/interactive-map.json
aoc,Association of Colleges (AoC),USP College,East,Member,https://www.uspcollege.ac.uk,https://www.aoc.co.uk/aoc/ajax/interactive-map.json
aoc,Association of Colleges (AoC),Uxbridge College,Greater London,Member,https://www.uxbridgecollege.ac.uk,https://www.aoc.co.uk/aoc/ajax/interactive-map.json
aoc,Association of Colleges (AoC),Uxbridge College,Greater London,Member,https://www.uxbridgecollege.ac.uk,https://www.aoc.co.uk/aoc/ajax/interactive-map.json
aoc,Association of Colleges (AoC),Vision West Nottinghamshire College,East Midlands,Member,http://www.wnc.ac.uk,https://www.aoc.co.uk/aoc/ajax/interactive-map.json
aoc,Association of Colleges (AoC),Vision West Nottinghamshire College,East Midlands,Member,http://www.wnc.ac.uk,https://www.aoc.co.uk/aoc/ajax/interactive-map.json
aoc,Association of Colleges (AoC),Vision West Nottinghamshire College,East Midlands,Member,http://www.wnc.ac.uk,https://www.aoc.co.uk/aoc/ajax/interactive-map.json
aoc,Association of Colleges (AoC),Wakefield College,Yorkshire & Humberside,Member,https://www.wakefield.ac.uk,https://www.aoc.co.uk/aoc/ajax/interactive-map.json
aoc,Association of Colleges (AoC),Walsall College,West Midlands,Member,http://www.walsallcollege.ac.uk,https://www.aoc.co.uk/aoc/ajax/interactive-map.json
aoc,Association of Colleges (AoC),Walsall College,West Midlands,Member,http://www.walsallcollege.ac.uk,https://www.aoc.co.uk/aoc/ajax/interactive-map.json
aoc,Association of Colleges (AoC),Waltham Forest College,Greater London,Member,http://www.waltham.ac.uk,https://www.aoc.co.uk/aoc/ajax/interactive-map.json
aoc,Association of Colleges (AoC),Waltham Forest College,Greater London,Member,http://www.waltham.ac.uk,https://www.aoc.co.uk/aoc/ajax/interactive-map.json
aoc,Association of Colleges (AoC),Warrington & Vale Royal College,North West,Member,https://www.wvr.ac.uk,https://www.aoc.co.uk/aoc/ajax/interactive-map.json
aoc,Association of Colleges (AoC),Warrington & Vale Royal College,North West,Member,https://www.wvr.ac.uk,https://www.aoc.co.uk/aoc/ajax/interactive-map.json
aoc,Association of Colleges (AoC),Warrington Collegiate,North West,Member,http://www.warrington.ac.uk,https://www.aoc.co.uk/aoc/ajax/interactive-map.json
aoc,Association of Colleges (AoC),Warwickshire College Group,West Midlands,Member,https://wcg.ac.uk,https://www.aoc.co.uk/aoc/ajax/interactive-map.json
aoc,Association of Colleges (AoC),Warwickshire College Group,West Midlands,Member,https://wcg.ac.uk,https://www.aoc.co.uk/aoc/ajax/interactive-map.json
aoc,Association of Colleges (AoC),Warwickshire College Group,West Midlands,Member,https://wcg.ac.uk,https://www.aoc.co.uk/aoc/ajax/interactive-map.json
aoc,Association of Colleges (AoC),West Cheshire College,North West,Member,http://www.west-cheshire.ac.uk,https://www.aoc.co.uk/aoc/ajax/interactive-map.json
aoc,Association of Colleges (AoC),West Herts College,East,Member,http://www.westherts.ac.uk,https://www.aoc.co.uk/aoc/ajax/interactive-map.json
aoc,Association of Colleges (AoC),West Herts College,East,Member,http://www.westherts.ac.uk,https://www.aoc.co.uk/aoc/ajax/interactive-map.json
aoc,Association of Colleges (AoC),West Herts College Group,East,Member,https://www.westherts.ac.uk/,https://www.aoc.co.uk/aoc/ajax/interactive-map.json
aoc,Association of Colleges (AoC),West Herts College Group,East,Member,https://www.westherts.ac.uk/,https://www.aoc.co.uk/aoc/ajax/interactive-map.json
aoc,Association of Colleges (AoC),West Kent and Ashford College,South East,Member,http://www.westkent.ac.uk,https://www.aoc.co.uk/aoc/ajax/interactive-map.json
aoc,Association of Colleges (AoC),West Lancashire College,North West,Member,http://www.westlancs.ac.uk,https://www.aoc.co.uk/aoc/ajax/interactive-map.json
aoc,Association of Colleges (AoC),West London College,Greater London,Member,http://www.wlc.ac.uk,https://www.aoc.co.uk/aoc/ajax/interactive-map.json
aoc,Association of Colleges (AoC),West London College,Greater London,Member,http://www.wlc.ac.uk,https://www.aoc.co.uk/aoc/ajax/interactive-map.json
aoc,Association of Colleges (AoC),West Suffolk College,East,Member,http://www.easterneducationgroup.ac.uk,https://www.aoc.co.uk/aoc/ajax/interactive-map.json
aoc,Association of Colleges (AoC),West Suffolk College,East,Member,http://www.easterneducationgroup.ac.uk,https://www.aoc.co.uk/aoc/ajax/interactive-map.json
aoc,Association of Colleges (AoC),West Thames College,Greater London,Member,http://www.west-thames.ac.uk,https://www.aoc.co.uk/aoc/ajax/interactive-map.json
aoc,Association of Colleges (AoC),West Thames College,Greater London,Member,http://www.west-thames.ac.uk,https://www.aoc.co.uk/aoc/ajax/interactive-map.json
aoc,Association of Colleges (AoC),Westminster Kingsway College,Greater London,Member,http://www.westking.ac.uk,https://www.aoc.co.uk/aoc/ajax/interactive-map.json
aoc,Association of Colleges (AoC),Weston College,South West,Member,http://www.weston.ac.uk,https://www.aoc.co.uk/aoc/ajax/interactive-map.json
aoc,Association of Colleges (AoC),Weston College,,Member,http://www.weston.ac.uk,https://www.aoc.co.uk/aoc/ajax/interactive-map.json
aoc,Association of Colleges (AoC),Weston College,South West,Member,http://www.weston.ac.uk,https://www.aoc.co.uk/aoc/ajax/interactive-map.json
aoc,Association of Colleges (AoC),Weymouth and Kingston Maurward College,South West,Member,http://www.weymouth.ac.uk,https://www.aoc.co.uk/aoc/ajax/interactive-map.json
aoc,Association of Colleges (AoC),Weymouth and Kingston Maurward College,South West,Member,http://www.weymouth.ac.uk,https://www.aoc.co.uk/aoc/ajax/interactive-map.json
aoc,Association of Colleges (AoC),Wigan and Leigh College,North West,Member,http://www.wigan-leigh.ac.uk,https://www.aoc.co.uk/aoc/ajax/interactive-map.json
aoc,Association of Colleges (AoC),Wiltshire College & University Centre,South West,Member,http://www.wiltshire.ac.uk,https://www.aoc.co.uk/aoc/ajax/interactive-map.json
aoc,Association of Colleges (AoC),Wiltshire College & University Centre,,Member,http://www.wiltshire.ac.uk,https://www.aoc.co.uk/aoc/ajax/interactive-map.json
aoc,Association of Colleges (AoC),Wiltshire College & University Centre,South West,Member,http://www.wiltshire.ac.uk,https://www.aoc.co.uk/aoc/ajax/interactive-map.json
aoc,Association of Colleges (AoC),Wiltshire College & University Centre,South West,Member,http://www.wiltshire.ac.uk,https://www.aoc.co.uk/aoc/ajax/interactive-map.json
aoc,Association of Colleges (AoC),Windsor Forest Colleges Group,South East,Member,https://www.windsor-forest.ac.uk,https://www.aoc.co.uk/aoc/ajax/interactive-map.json
aoc,Association of Colleges (AoC),Wirral Metropolitan College,North West,Member,http://www.wmc.ac.uk,https://www.aoc.co.uk/aoc/ajax/interactive-map.json
aoc,Association of Colleges (AoC),WM College,Greater London,Member,http://www.wmcollege.ac.uk,https://www.aoc.co.uk/aoc/ajax/interactive-map.json
aoc,Association of Colleges (AoC),Working Men's College (WM College),Greater London,Member,http://www.wmcollege.ac.uk,https://www.aoc.co.uk/aoc/ajax/interactive-map.json
aoc,Association of Colleges (AoC),Worthing College,South East,Member,http://www.worthing.ac.uk,https://www.aoc.co.uk/aoc/ajax/interactive-map.json
aoc,Association of Colleges (AoC),WQE and Regent College Group,East Midlands,Member,https://www.wqe.ac.uk,https://www.aoc.co.uk/aoc/ajax/interactive-map.json
aoc,Association of Colleges (AoC),WQE and Regent College Group,East Midlands,Member,https://www.wqe.ac.uk,https://www.aoc.co.uk/aoc/ajax/interactive-map.json
aoc,Association of Colleges (AoC),Writtle College Limited,East,Member,https://www.writtle.ac.uk,https://www.aoc.co.uk/aoc/ajax/interactive-map.json
aoc,Association of Colleges (AoC),Xaverian College,North West,Member,http://www.xaverian.ac.uk,https://www.aoc.co.uk/aoc/ajax/interactive-map.json
aoc,Association of Colleges (AoC),Yeovil College,South West,Member,http://www.yeovil.ac.uk,https://www.aoc.co.uk/aoc/ajax/interactive-map.json
aoc,Association of Colleges (AoC),York College,Yorkshire & Humberside,Member,http://www.yorkcollege.ac.uk,https://www.aoc.co.uk/aoc/ajax/interactive-map.json
aoc,Association of Colleges (AoC),York College,Yorkshire & Humberside,Member,http://www.yorkcollege.ac.uk,https://www.aoc.co.uk/aoc/ajax/interactive-map.json
landex,Landex (Land Based Colleges Aspiring to Excellence),Scotlands Rural College,Ayr,Full Member,http://www.sruc.ac.uk/,https://landex.org.uk/membership/
landex,Landex (Land Based Colleges Aspiring to Excellence),Enniskillen Campus,Cafre,Full Member,https://www.cafre.ac.uk/,https://landex.org.uk/membership/
landex,Landex (Land Based Colleges Aspiring to Excellence),Loughry Campus,Cafre,Full Member,https://www.cafre.ac.uk/,https://landex.org.uk/membership/
landex,Landex (Land Based Colleges Aspiring to Excellence),Greenmount Campus,Cafre,Full Member,https://www.cafre.ac.uk/,https://landex.org.uk/membership/
landex,Landex (Land Based Colleges Aspiring to Excellence),Scotlands Rural College,Aberdeen,Full Member,http://www.sruc.ac.uk/,https://landex.org.uk/membership/
landex,Landex (Land Based Colleges Aspiring to Excellence),Scotlands Rural College,Elmwood,Full Member,http://www.sruc.ac.uk/,https://landex.org.uk/membership/
landex,Landex (Land Based Colleges Aspiring to Excellence),Scotlands Rural College,Oatridge,Full Member,http://www.sruc.ac.uk/,https://landex.org.uk/membership/
landex,Landex (Land Based Colleges Aspiring to Excellence),Scotlands Rural College,Edinburgh,Full Member,http://www.sruc.ac.uk/,https://landex.org.uk/membership/
landex,Landex (Land Based Colleges Aspiring to Excellence),Scotlands Rural College,Barony,Full Member,http://www.sruc.ac.uk/,https://landex.org.uk/membership/
landex,Landex (Land Based Colleges Aspiring to Excellence),Houghall Campus,East Durham,Full Member,https://www.eastdurham.ac.uk/,https://landex.org.uk/membership/
landex,Landex (Land Based Colleges Aspiring to Excellence),Myerscough College,Preston,Full Member,https://www.myerscough.ac.uk/,https://landex.org.uk/membership/
landex,Landex (Land Based Colleges Aspiring to Excellence),Craven College,Leeds,Full Member,https://www.craven-college.ac.uk/,https://landex.org.uk/membership/
landex,Landex (Land Based Colleges Aspiring to Excellence),Askham Bryan College,York,Full Member,https://www.askham-bryan.ac.uk/,https://landex.org.uk/membership/
landex,Landex (Land Based Colleges Aspiring to Excellence),Bishop Burton College,Bishop Burton,Full Member,https://www.bishopburton.ac.uk/,https://landex.org.uk/membership/
landex,Landex (Land Based Colleges Aspiring to Excellence),Bishop Burton College,Riseholme,Full Member,https://www.bishopburton.ac.uk/,https://landex.org.uk/membership/
landex,Landex (Land Based Colleges Aspiring to Excellence),University of Lincoln,Lincoln,Full Member,https://www.lincoln.ac.uk/,https://landex.org.uk/membership/
landex,Landex (Land Based Colleges Aspiring to Excellence),Coleg Cambria,Northop,Full Member,https://www.cambria.ac.uk,https://landex.org.uk/membership/
landex,Landex (Land Based Colleges Aspiring to Excellence),Coleg Cambria,Llysfasi,Full Member,https://www.cambria.ac.uk,https://landex.org.uk/membership/
landex,Landex (Land Based Colleges Aspiring to Excellence),Reaseheath College,Cheshire,Full Member,https://www.reaseheath.ac.uk/,https://landex.org.uk/membership/
landex,Landex (Land Based Colleges Aspiring to Excellence),"Duchy College, Cornwall",Cornwall,Full Member,https://www.duchy.ac.uk/,https://landex.org.uk/membership/
landex,Landex (Land Based Colleges Aspiring to Excellence),"Duchy College, Bicton",Devon,Full Member,https://www.cornwall.ac.uk,https://landex.org.uk/membership/
landex,Landex (Land Based Colleges Aspiring to Excellence),Kingston Maurward,Dorchester,Full Member,https://www.kmc.ac.uk/,https://landex.org.uk/membership/
landex,Landex (Land Based Colleges Aspiring to Excellence),City College Norwich,Easton,Full Member,https://www.easton.ac.uk/,https://landex.org.uk/membership/
landex,Landex (Land Based Colleges Aspiring to Excellence),Suffolk New College,Otley,Full Member,https://www.suffolk.ac.uk/,https://landex.org.uk/membership/
landex,Landex (Land Based Colleges Aspiring to Excellence),Writtle University College,Chelmsford,Full Member,https://writtle.ac.uk/,https://landex.org.uk/membership/
landex,Landex (Land Based Colleges Aspiring to Excellence),North Kent College,Kent,Full Member,https://www.hadlow.ac.uk/,https://landex.org.uk/membership/
landex,Landex (Land Based Colleges Aspiring to Excellence),Nottingham Trent University,Brackenhurst,Full Member,"https://www.ntu.ac.uk/study-and-courses/academic-schools/animal,-rural-and-environmental-sciences?utm_campaign=ares&utm_medium=ShortURL&utm_source=ShortURL&utm_term=ARES",https://landex.org.uk/membership/
landex,Landex (Land Based Colleges Aspiring to Excellence),Derby College Group,Derby,Full Member,https://www.derby-college.ac.uk/,https://landex.org.uk/membership/
landex,Landex (Land Based Colleges Aspiring to Excellence),SMB College Group,Melton Mowbray,Full Member,https://www.brooksbymelton.ac.uk,https://landex.org.uk/membership/
landex,Landex (Land Based Colleges Aspiring to Excellence),"Hertfordshire, Ludlow and North Shropshire College",Shropshire,Full Member,https://www.nsc.ac.uk,https://landex.org.uk/membership/
landex,Landex (Land Based Colleges Aspiring to Excellence),Harper Adams Univsersity,Shropshire,Full Member,https://www.harper-adams.ac.uk,https://landex.org.uk/membership/
landex,Landex (Land Based Colleges Aspiring to Excellence),Moulton College,Northamptonshire,Full Member,https://www.moulton.ac.uk,https://landex.org.uk/membership/
landex,Landex (Land Based Colleges Aspiring to Excellence),South Staffordshire College,Rodbaston,Full Member,https://www.southstaffs.ac.uk,https://landex.org.uk/membership/
landex,Landex (Land Based Colleges Aspiring to Excellence),Bridgwater & Taunton College,Bridgwater,Full Member,https://www.btc.ac.uk/,https://landex.org.uk/membership/
landex,Landex (Land Based Colleges Aspiring to Excellence),Hartpury University & Hartpury College,Gloucester,Full Member,https://www.hartpury.ac.uk/,https://landex.org.uk/membership/
landex,Landex (Land Based Colleges Aspiring to Excellence),"Herefordshire, Ludlow and North Shropshire College",Shropshire,Full Member,https://www.hlcollege.ac.uk/home,https://landex.org.uk/membership/
landex,Landex (Land Based Colleges Aspiring to Excellence),Warwickshire College (Pershore),Warwickshire,Full Member,https://wcg.ac.uk,https://landex.org.uk/membership/
landex,Landex (Land Based Colleges Aspiring to Excellence),Warwickshire College (Moreton Morrel),Warwickshire,Full Member,https://wcg.ac.uk,https://landex.org.uk/membership/
landex,Landex (Land Based Colleges Aspiring to Excellence),Royal Agriculture University,Gloucestershire,Full Member,https://www.rau.ac.uk,https://landex.org.uk/membership/
landex,Landex (Land Based Colleges Aspiring to Excellence),Wiltshire College,Lackham,Full Member,https://www.wiltshire.ac.uk,https://landex.org.uk/membership/
landex,Landex (Land Based Colleges Aspiring to Excellence),Sparsholt College,Hampshire,Full Member,https://www.sparsholt.ac.uk,https://landex.org.uk/membership/
landex,Landex (Land Based Colleges Aspiring to Excellence),Chichester College,Brinsbury,Full Member,https://www.chichester.ac.uk,https://landex.org.uk/membership/
landex,Landex (Land Based Colleges Aspiring to Excellence),Plumpton College,East Sussex,Full Member,https://www.plumpton.ac.uk/,https://landex.org.uk/membership/
landex,Landex (Land Based Colleges Aspiring to Excellence),Active Learning,Merrist Wood,Full Member,https://merristwood.activatelearning.ac.uk,https://landex.org.uk/membership/
landex,Landex (Land Based Colleges Aspiring to Excellence),Berkshire College of Agriculture,Berkshire,Full Member,https://www.bca.ac.uk,https://landex.org.uk/membership/
landex,Landex (Land Based Colleges Aspiring to Excellence),Capel Manor College,Enfield,Full Member,https://www.capel.ac.uk,https://landex.org.uk/membership/
landex,Landex (Land Based Colleges Aspiring to Excellence),"Bedford College, Shuttleworth",Bedford,Full Member,https://bedfordcollegegroup.ac.uk,https://landex.org.uk/membership/
landex,Landex (Land Based Colleges Aspiring to Excellence),Solihull College,Solihull,Affiliate Member,https://solihull.ac.uk,https://landex.org.uk/membership/
landex,Landex (Land Based Colleges Aspiring to Excellence),Oaklands College,Hertfordshire,Affiliate Member,https://www.oaklands.ac.uk,https://landex.org.uk/membership/
landex,Landex (Land Based Colleges Aspiring to Excellence),College of West Anglia,Kings Lynn,Full Member,https://cwa.ac.uk/,https://landex.org.uk/membership/
landex,Landex (Land Based Colleges Aspiring to Excellence),Oxfordshire,,Full Member,https://abingdon-witney.ac.uk/campuses/common-leys-farm,https://landex.org.uk/membership/