Competitor Name,Platform,Subscribers/Followers,Content Format,Video Length,Upload Frequency,Visual Style,Strengths,Weaknesses,Monetization Strategy,Engagement Rate,Our Differentiation Opportunity
Oversimplified,YouTube,6000000+,Animated History,10-20 minutes,Weekly,Simple humorous animations,Established brand; High production quality; Engaging storytelling,Longer format; Less frequent uploads; Not optimized for short-form,YouTube Partner Program; Merchandise; Patreon,High,Shorter format; AI-generated; More frequent content
History Matters,YouTube,1500000+,Animated Explanations,5-10 minutes,2-3x per week,Clean professional animations,Well-researched; Consistent quality; Clear explanations,Less personality; Longer format; Less engaging,YouTube Partner Program; Sponsorships,Medium-High,More personality; Shorter format; Cartoon aesthetic
Simple History,YouTube,500000+,Animated Stories,5-15 minutes,Weekly,Simple animations with narration,Consistent uploads; Clear explanations; Educational focus,Lower production value; Less engaging; Basic visuals,YouTube Partner Program,Medium,Higher quality visuals; AI-enhanced production
History Facts TikTok,@historyfacts,TikTok,2000000+,Short videos with text,15-60 seconds,Daily,Text overlays; Stock footage,High engagement; Viral potential; Short format,Lower production quality; Inconsistent accuracy; Basic visuals,TikTok Creator Fund; Brand partnerships,Very High,Professional cartoon animations; Consistent quality
History with Amy,@historywithamy,TikTok,1500000+,Educational shorts,30-90 seconds,Multiple daily,Simple animations; Text overlays,Engaging presenter; Good storytelling; Regular content,Lower production value; Limited visual appeal,TikTok Creator Fund; Affiliate marketing,High,Professional animations; Better visuals
HistoryTok,@historytok,TikTok,1000000+,Quick facts,15-45 seconds,Daily,Text on images; Simple graphics,Consistent posting; Quick facts; Good engagement,Basic visuals; Limited depth,TikTok Creator Fund,High,Enhanced visual storytelling
History Channel,@historychannel,Instagram,5000000+,Historical photos,Static posts,Multiple daily,Historical photographs; Infographics,Visual appeal; Shareability; Large following,Static images; Less engaging; No animation,Sponsored posts; Affiliate marketing,Medium,Animated content; Storytelling
History in Pics,@historyinpics,Instagram,3000000+,Photo posts,Static posts,Daily,Historical photographs; Captions,Beautiful visuals; Educational captions,No animation; Limited engagement,Sponsored posts,Medium,Animated storytelling
Crash Course History,YouTube,14000000+,Educational Series,10-15 minutes,Weekly,Animated educational content,Comprehensive coverage; High production; Educational value,Longer format; Less accessible; Academic tone,YouTube Partner Program; Merchandise; Patreon,High,Bite-sized content; More accessible
Extra Credits History,YouTube,2000000+,Game-style animations,5-10 minutes,Weekly,Video game aesthetic,Unique style; Engaging; Well-researched,Longer format; Gaming niche focus,YouTube Partner Program; Patreon,Medium-High,Shorter format; Broader appeal
Kings and Generals,YouTube,3000000+,Animated Battles,15-30 minutes,Weekly,Detailed battle animations,High quality; Detailed; Military focus,Very long format; Niche focus,YouTube Partner Program; Patreon,Medium,Shorter format; Broader topics
Simple History Shorts,YouTube Shorts,500000+,Quick facts,15-60 seconds,Daily,Simple animations,Short format; Regular uploads; Quick facts,Lower production value; Basic visuals,YouTube Partner Program,High,Enhanced production quality
History Bombs,YouTube,800000+,Animated History,5-10 minutes,Weekly,Comic book style,Unique style; Engaging,Less frequent; Longer format,YouTube Partner Program; Merchandise,Medium,More frequent; Shorter format
The Armchair Historian,YouTube,1200000+,Documentary Style,10-20 minutes,Weekly,Documentary with animations,Professional; Well-researched; High quality,Long format; Less accessible,YouTube Partner Program; Patreon,Medium,Shorter format; More accessible
History Buffs,YouTube,600000+,Film Reviews,10-15 minutes,Weekly,Video essays,Unique angle; Engaging,Very niche; Less educational,YouTube Partner Program,Medium,Broader educational focus
History Time,YouTube,400000+,Documentary,20-30 minutes,Weekly,Documentary style,Comprehensive; Detailed,Very long; Less accessible,YouTube Partner Program,Low,Shorter format; More accessible
History Vault,YouTube,300000+,Archival Footage,5-15 minutes,2x per week,Historical footage,Authentic; Rare footage,Less engaging; Limited visuals,YouTube Partner Program,Low,Enhanced visuals; Better storytelling
Weird History,YouTube,2000000+,Strange Facts,5-10 minutes,Weekly,Animated with narration,Unique topics; Engaging,Less frequent; Longer format,YouTube Partner Program; Merchandise,High,More frequent; Shorter format
History Uncovered,YouTube,500000+,Mysteries,10-15 minutes,Weekly,Documentary style,Mystery focus; Engaging,Long format; Less frequent,YouTube Partner Program,Medium,Shorter format; More frequent
History Simplified,YouTube,400000+,Quick Explanations,5-10 minutes,Weekly,Simple animations,Clear explanations; Educational,Lower production; Less engaging,YouTube Partner Program,Medium,Enhanced production; Better visuals
