urn,provider_name,category,address,rating,latest_report,url
2804855,100% Effective Limited,Independent learning provider,"1 Parkview Court, St Pauls Road, Shipley, West Yorkshire, BD18 3DZ",Outstanding,31 March 2022,https://reports.ofsted.gov.uk/provider/33/2804855
2625245,1st 2 Achieve Training Limited,Independent learning provider,"4 Paddock Road, Skelmersdale, West Lancashire, WN8 9PL",Outstanding,31 March 2022,https://reports.ofsted.gov.uk/provider/33/2625245
2741622,2 Start Limited,Independent learning provider,"2 Start ltd Unit 2 Four Dells farm, Poles lane, Otterbourne, Hampshire, SO21 2DY",Outstanding,31 March 2022,https://reports.ofsted.gov.uk/provider/33/2741622
70178,2Schools Consortium,Training provider,"Oakthorpe Primary School, Tile Kiln Lane, London, N13 6BY",,08 August 2009,https://reports.ofsted.gov.uk/provider/41/70178
2848474,3 Counties Accounts Training Service Ltd,Independent learning provider,"60 High Street, Carlby, Stamford, Lincolnshire, PE9 4LX",,,https://reports.ofsted.gov.uk/provider/33/2848474
2654133,3 Spirit Enterprise UK Limited,Independent learning provider,"14 Maylands Business Centre, Redbourn Road, Hemel Hempstead, Dacorum, HP2 7ES",Outstanding,31 March 2022,https://reports.ofsted.gov.uk/provider/33/2654133
2748164,3D 360 Limited,Independent learning provider,"da Vinci House, 128A Bradshawgate, Leigh, WN7 4NP",Outstanding,31 March 2022,https://reports.ofsted.gov.uk/provider/33/2748164
2804833,3T Training Services Limited,Independent learning provider,"11-12, Jupiter Court, Orion Business Park, North Shields, Tyne And Wear, NE29 7SE",Outstanding,31 March 2022,https://reports.ofsted.gov.uk/provider/33/2804833
50257,5 E Ltd.,Independent learning provider,"Selby Centre, Selby Road, N17 8JL",Outstanding,31 March 2022,https://reports.ofsted.gov.uk/provider/33/50257
2654168,8Point8 Training Limited,Independent learning provider,"Unit 11, Yorkshire Way West Moor Park, Armthorpe, Doncaster, DN3 3FE",Outstanding,31 March 2022,https://reports.ofsted.gov.uk/provider/33/2654168
