Provider,Head office address,Source URL
CAPITAL CITY COLLEGE GROUP T/A Capital City College,"Westminster Kingsway College 211 Gray's Inn Road, 211 Grays Inn Road, London, England, WC1X 8RA",https://find-and-update.company-information.service.gov.uk/company/10601860
PURPLE BEARD LTD T/A Purple Beard Ltd,"No 6 Tv House, 269 Field End Road, Eastcote, Middlesex, United Kingdom, HA4 9LS",https://find-and-update.company-information.service.gov.uk/company/11669759
IO SPHERE LIMITED,"102 Middlesex Street, London, England, E1 7EZ",https://find-and-update.company-information.service.gov.uk/company/14356607
SOUTH WESTERN RAILWAY LIMITED,"South Bank Central 4th Floor, 30 Stamford Street, London, England, SE1 9LQ",https://find-and-update.company-information.service.gov.uk/company/03266760
ALFRED H. KNIGHT HOLDINGS LIMITED,"Alfred H Knight Group Headquarters (Uk), Kings Business Park, Kings Drive, Prescot, United Kingdom, L34 1PJ",https://find-and-update.company-information.service.gov.uk/company/01945874
W @ H SAFETY SOLUTIONS LTD,"The Bailey,, Cumberland Road, North Shields, United Kingdom, NE29 8RD",https://find-and-update.company-information.service.gov.uk/company/12980174
KENT BUSINESS COLLEGE,"4 Macgrory Drive, Maidstone, Kent, England, ME14 5GF",https://find-and-update.company-information.service.gov.uk/company/10367575
PRIMED TRAINING (NW) LIMITED,"15a Marsh Mill, Thornton-Cleveleys, England, FY5 4JZ",https://find-and-update.company-information.service.gov.uk/company/15528128
COMPASS SKILLS TRAINING LIMITED T/A Compass,"Compass House Cowling Business Park, Canalside, Chorley, Lancashire, England, PR6 0QL",https://find-and-update.company-information.service.gov.uk/company/10615460
MOORFIELDS EYE HOSPITAL NHS FOUNDATION TRUST,"Moorfields Eye Hospital NHS Foundation Trust, 162 City Road, London EC1V 2PD",https://directory.spineservices.nhs.uk/ORD/2-0-0/organisations/RP6
STORAL NURSERIES LIMITED,"Mayfield House Nottingham Road, Long Eaton, Nottingham, England, NG10 1HQ",https://find-and-update.company-information.service.gov.uk/company/02434041
PEEL PORTS GROUP LIMITED,"Maritime Centre, Port Of Liverpool, Liverpool, L21 1LA",https://find-and-update.company-information.service.gov.uk/company/05965116
THE ALLIANCE SCHOOLS TRUST T/A The Tommy Flowers SCITT,"Willen Primary School Beaufort Drive, Willen, Milton Keynes, England, MK15 9HN",https://find-and-update.company-information.service.gov.uk/company/07527108
ESTAR GROUP LIMITED T/A ESTAR Education,"Colbalt 15a Colbalt 15a, Quick Silver Way, Cobalt Business Park, Newcastle Upon Tyne, England, NE27 0QQ",https://find-and-update.company-information.service.gov.uk/company/14605260
KIDO SCHOOLS UK LIMITED,"Oakmoore Court Kingswood Road, Hampton Lovett, Droitwich, Worcestershire, United Kingdom, WR9 0QH",https://find-and-update.company-information.service.gov.uk/company/10228253
RIVERLUTION BY RSC CIC T/A Riverlution,"Unit 1 2 Sanderson Street, Sheffield, England, S9 2TW",https://find-and-update.company-information.service.gov.uk/company/14249054
ELEVATION ACADEMY LIMITED T/A Elevation Academy a part of SPL2014 Limited,"Unit 8 Howley Park Business Village, Pullan Way, Leeds, England, LS27 0BZ",https://find-and-update.company-information.service.gov.uk/company/12912056
FCMS (NW) LIMITED,"Newfield House, Vicarage Lane, Blackpool, England, FY4 4EW",https://find-and-update.company-information.service.gov.uk/company/05085990
WEST MIDLANDS FIRE AND RESCUE AUTHORITY T/A West Midlands Fire Service,"West Midlands Fire Service Headquarters, 99 Vauxhall Road, Nechells, Birmingham B7 4HW",https://www.wmfs.net/contact-west-midlands-fire-service/
ACHIEVEMENT THROUGH COLLABORATION TRUST T/A ACHIEVEMENT THROUGH COLLABORATION TRUST (Academy Trust),"Unit 11&12 Cuerden Way, Bamber Bridge, Preston, Lancashire, England, PR5 6BL",https://find-and-update.company-information.service.gov.uk/company/07678864
TEMPLE MANAGEMENT TRAINING LIMITED,"Unit 606f Jq Modern 120 Vyse Street, Hockley, Birmingham, West Midlands, England, B18 6NF",https://find-and-update.company-information.service.gov.uk/company/07332784
AKG (UK) LEARNING LIMITED T/A Learn Plus Us,"Room 221 Building 3, North London Business Park, Oakleigh Road South, London, United Kingdom, N11 1GN",https://find-and-update.company-information.service.gov.uk/company/04684239
DARKE & TAYLOR LIMITED,"Radiant House 11 Blenheim Office Park, Fenlock Road, Long Hanborough, Witney, Oxfordshire, England, OX29 8LN",https://find-and-update.company-information.service.gov.uk/company/00999233
MILTON KEYNES CITY COUNCIL T/A Adult Continuing Education Milton Keynes,"Civic Offices, 1 Saxon Gate East, Central Milton Keynes, MK9 3EJ",https://www.milton-keynes.gov.uk/your-council-and-elections/contact-milton-keynes-city-council
COGNITION EVOLVE UK LTD T/A ASPIRE DEVELOPMENT (UK) LTD,"85 Great Portland Street, First Floor, London, England, W1W 7LT",https://find-and-update.company-information.service.gov.uk/company/05367268
AMAZON UK SERVICES LTD.,"1 Principal Place, Worship Street, London, EC2A 2FA",https://find-and-update.company-information.service.gov.uk/company/03223028
BEACON MULTI-ACADEMY TRUST LIMITED T/A BEACON MULTI-ACADEMY TRUST LIMITED (Academy Trust),"Beal High School, Woodford Bridge Road, Ilford, Essex, IG4 5LP",https://find-and-update.company-information.service.gov.uk/company/07835788
MARY HARE T/A Mary Hare School,"Arlington Manor, Snelsmore Common, Newbury, Berkshire, RG14 3BQ",https://find-and-update.company-information.service.gov.uk/company/03085006
HAYS SPECIALIST RECRUITMENT LIMITED T/A Hays Skills Development,"4th Floor 20 Triton Street, London, United Kingdom, NW1 3BF",https://find-and-update.company-information.service.gov.uk/company/00975677
THE MEAD EDUCATIONAL TRUST T/A THE MEAD EDUCATIONAL TRUST (Academy Trust),"The Mead Centre, 343 Gipsy Lane, Leicester, Leicestershire, England, LE4 9DD",https://find-and-update.company-information.service.gov.uk/company/09079258
YOUNG GLOUCESTERSHIRE LIMITED,"The Old Dock Office, The Docks, Gloucester, England, GL1 2EB",https://find-and-update.company-information.service.gov.uk/company/01547097
ACCESS LAW ONLINE LTD,"2 Lake End Court Taplow Road, Taplow, Maidenhead, Berkshire, England, SL6 0JQ",https://find-and-update.company-information.service.gov.uk/company/11426418
ECHO FIRE AND MEDICAL LIMITED,"Unit 12 & 13 Chambers Way Thorncliffe Industrial Estate, Sheffield, South Yorkshire, England, S35 2PH",https://find-and-update.company-information.service.gov.uk/company/10443978
"ARTS UNIVERSITY BOURNEMOUTH, THE T/A The Arts University Bournemouth","Arts University Bournemouth, Wallisdown, Poole, Dorset, BH12 5HH",https://aub.ac.uk/contact-us
LEE MARLEY BRICKWORK LIMITED,"Unit 185 Viscount Way, Woodley, Berkshire, RG5 4DZ",https://find-and-update.company-information.service.gov.uk/company/03461567
RUBITEK SOLUTIONS LIMITED T/A Everything Apprenticeships,"4a Church Street, Market Harborough, Leicestershire, England, LE16 7AA",https://find-and-update.company-information.service.gov.uk/company/11316065
THE INSTITUTE OF TELECOMMUNICATIONS PROFESSIONALS T/A The ITP,"Sunbury Te, Green Street, Sunbury-On-Thames, Middlesex, TW16 6QJ",https://find-and-update.company-information.service.gov.uk/company/04442329
LEEDS TEACHING HOSPITALS NATIONAL HEALTH SERVICE TRUST T/A Pharmacy Dept Education And Training,"Leeds Teaching Hospitals NHS Trust, St James's University Hospital, Beckett Street, Leeds LS9 7TF",https://directory.spineservices.nhs.uk/ORD/2-0-0/organisations/RR8
FIRST INTUITION SOUTH LIMITED T/A First Intuition South Limited,"Fifth Floor (South Wing), Reading Bridge House, Reading, England, RG1 8LS",https://find-and-update.company-information.service.gov.uk/company/07452771
STANLEY LEARNING PARTNERSHIP T/A STANLEY LEARNING PARTNERSHIP (Academy Trust),"Langley Park Primary School May Terrace, Langley Park, Durham, England, DH7 9XN",https://find-and-update.company-information.service.gov.uk/company/10380011
ST PAUL'S CATHOLIC SCHOOL,"St Paul's Catholic School, Phoenix Drive, Leadenhall, Milton Keynes, Buckinghamshire MK6 5EN",https://www.st-pauls.org.uk/contact-us
THE SEA VIEW TRUST T/A THE SEA VIEW TRUST (Academy Trust),"Ewood Campus Clod Lane, Haslingden, Rossendale, England, BB4 6LR",https://find-and-update.company-information.service.gov.uk/company/08597962
KELLY COMMUNICATIONS LIMITED,"Kelly House, Fourth Way, Wembley, Middlesex, HA9 0LH",https://find-and-update.company-information.service.gov.uk/company/02266230
PLACES FOR PEOPLE GROUP LIMITED,"305 Gray's Inn Road, London, England, WC1X 8QR",https://find-and-update.company-information.service.gov.uk/company/03777037
PREMIER BOOKS LTD T/A Premier Training,"Premier Books Ltd T/A Premier Training, Pelham Road, Immingham, England, DN40 1PT",https://find-and-update.company-information.service.gov.uk/company/05396502
NUTRIUS CENTRAL SERVICES LIMITED,"Malvern View, Saxon Business Park Hanbury Road, Stoke Prior Bromsgrove, Worcestershire, B60 4AD",https://find-and-update.company-information.service.gov.uk/company/06023385
