Account Handle,Account Name,Followers (Est.),Content Type,Visual Style,Posting Frequency,Primary Focus,Engagement Rate (Est.),Notable Features,Monetization Strategy,Our Differentiation Opportunity
@historychannel,History Channel,5000000+,Historical photos and facts,Mixed media - photos/videos,Multiple daily,Broad history topics,Medium,Official History Channel brand; High production; Diverse content,Sponsored posts; TV show promotion; Merchandise,AI cartoon animations; More engaging visuals
@historyinpics,History in Pics,3000000+,Historical photographs,Photography with captions,Daily,Historical moments captured,Medium-High,Beautiful historical photos; Educational captions; High shareability,Sponsored posts; Affiliate marketing,Animated storytelling; More dynamic content
@historicalpics,Historical Pics,2500000+,Historical photos,Photography,Multiple daily,Historical events and figures,Medium,Curated historical photos; Clean presentation,Sponsored content,Animated content; Better storytelling
@history,History,2000000+,Educational content,Mixed media,Multiple daily,Broad historical topics,Medium,Official account; Professional content,Sponsored posts; Brand partnerships,AI-generated cartoons; Unique visual style
@historyfacts,History Facts,1800000+,Quick historical facts,Text on images; Simple graphics,Daily,Historical facts and trivia,High,Quick digestible facts; High engagement,Affiliate marketing; Sponsored posts,Professional animations; Better visuals
@historytime,History Time,1500000+,Historical stories,Mixed media - photos/videos,Multiple daily,Historical narratives,Medium,Storytelling format; Engaging narratives,Sponsored content; Affiliate links,Animated storytelling; More engaging
@historybuff,History Buff,1200000+,Historical content,Photography and graphics,Daily,Historical events and figures,Medium-High,Well-researched content; Educational focus,Sponsored posts; Merchandise,AI cartoon style; More visual appeal
@historylovers,History Lovers,1000000+,Historical photos,Photography,Multiple daily,Historical moments,Medium,Community-focused; User-generated content,Sponsored posts,Professional animations; Better quality
@ancienthistory,Ancient History,900000+,Ancient civilizations,Photography and illustrations,Multiple daily,Ancient world history,High,Specialized focus; Educational content,Sponsored posts; Affiliate marketing,AI-generated ancient scenes; More engaging
@worldwarhistory,World War History,800000+,WWI and WWII content,Photography and documents,Multiple daily,World War history,High,Niche focus; Rare photos; Educational,Sponsored content; Book promotions,Animated war scenes; Better storytelling
@medievalhistory,Medieval History,700000+,Medieval period,Photography and art,Multiple daily,Medieval Europe and beyond,Medium-High,Specialized niche; Educational,Sponsored posts; Affiliate links,Animated medieval scenes; More engaging
@historyofart,History of Art,650000+,Art history,Artwork photography,Multiple daily,Art through history,Medium,Art-focused; Educational,Sponsored posts; Museum partnerships,Animated art history; More dynamic
@historyofscience,History of Science,600000+,Scientific history,Photos and illustrations,Multiple daily,Scientific discoveries and figures,Medium-High,Educational focus; Niche audience,Sponsored posts; Course promotions,Animated science history; More engaging
@historyofphotography,History of Photography,550000+,Photography history,Historical photographs,Multiple daily,Photography evolution,Medium,Specialized niche; Visual content,Sponsored posts,Animated timeline; Better storytelling
@historyofmusic,History of Music,500000+,Music history,Photos and graphics,Multiple daily,Musical history,Medium,Music-focused; Educational,Sponsored posts; Music promotions,Animated music history; More dynamic
@historyoffashion,History of Fashion,450000+,Fashion history,Historical fashion photos,Multiple daily,Fashion through history,Medium-High,Visual appeal; Niche audience,Sponsored posts; Fashion brand partnerships,Animated fashion evolution; More engaging
@historyofarchitecture,History of Architecture,400000+,Architectural history,Architecture photography,Multiple daily,Architectural evolution,Medium,Specialized niche; Visual content,Sponsored posts; Architecture firm partnerships,Animated architectural history; More dynamic
@historyofmedicine,History of Medicine,380000+,Medical history,Historical medical images,Multiple daily,Medical history,Medium,Educational; Niche audience,Sponsored posts; Medical education partnerships,Animated medical history; More engaging
@historyoftechnology,History of Technology,350000+,Tech history,Photos and graphics,Multiple daily,Technological evolution,Medium-High,Tech-focused; Modern relevance,Sponsored posts; Tech brand partnerships,Animated tech evolution; Better storytelling
@historyofwar,History of War,320000+,Military history,Photography and maps,Multiple daily,Military history,High,Niche focus; Detailed content,Sponsored posts; Book promotions,Animated battle scenes; More engaging
@historyofreligion,History of Religion,300000+,Religious history,Art and photography,Multiple daily,Religious history,Medium,Sensitive topic; Educational approach,Sponsored posts,Animated religious history; More accessible
@historyofphilosophy,History of Philosophy,280000+,Philosophy history,Text and images,Multiple daily,Philosophical history,Medium,Text-heavy; Educational,Sponsored posts; Book promotions,Animated philosophy; More visual
@historyofliterature,History of Literature,260000+,Literary history,Book covers and text,Multiple daily,Literary history,Medium,Book-focused; Educational,Affiliate marketing; Book promotions,Animated literary history; More engaging
@historyofcinema,History of Cinema,240000+,Film history,Movie stills and posters,Multiple daily,Cinema history,Medium-High,Film-focused; Visual content,Sponsored posts; Film promotions,Animated film history; More dynamic
@historyofsports,History of Sports,220000+,Sports history,Photos and graphics,Multiple daily,Sports history,Medium-High,Sports-focused; Broad appeal,Sponsored posts; Sports brand partnerships,Animated sports history; More engaging
@historyofaviation,History of Aviation,200000+,Aviation history,Aviation photos,Multiple daily,Aviation history,High,Niche focus; Dedicated audience,Sponsored posts; Aviation partnerships,Animated aviation history; More dynamic
@historyofspace,History of Space,180000+,Space exploration,Space photography,Multiple daily,Space history,High,Visual appeal; Modern relevance,Sponsored posts; Space organization partnerships,Animated space history; More engaging
@historyofexploration,History of Exploration,160000+,Exploration history,Photos and maps,Multiple daily,Exploration and discovery,Medium,Adventure-focused; Educational,Sponsored posts; Travel partnerships,Animated exploration; More engaging
@historyofwomen,History of Women,140000+,Women's history,Photos and illustrations,Multiple daily,Women in history,High,Important focus; Growing audience,Sponsored posts; Educational partnerships,Animated women's history; More engaging
@historyofafrica,History of Africa,120000+,African history,Photography and art,Multiple daily,African history,Medium-High,Important representation; Educational,Sponsored posts; Educational partnerships,Animated African history; Better storytelling
@historyofasia,History of Asia,110000+,Asian history,Photography and art,Multiple daily,Asian history,Medium,Regional focus; Educational,Sponsored posts; Cultural partnerships,Animated Asian history; More engaging
@historyofamericas,History of Americas,100000+,American history,Photography and graphics,Multiple daily,Americas history,Medium,Regional focus; Educational,Sponsored posts,Animated American history; More dynamic
@historyofeurope,History of Europe,95000+,European history,Photography and art,Multiple daily,European history,Medium,Regional focus; Educational,Sponsored posts,Animated European history; More engaging
@historyofmiddleeast,History of Middle East,90000+,Middle Eastern history,Photography and art,Multiple daily,Middle Eastern history,Medium,Regional focus; Educational,Sponsored posts; Cultural partnerships,Animated Middle Eastern history; Better storytelling
@historyofoceania,History of Oceania,85000+,Oceania history,Photography and art,Multiple daily,Oceania history,Medium,Regional focus; Educational,Sponsored posts,Animated Oceania history; More engaging
@historyofancientegypt,Ancient Egypt History,800000+,Ancient Egypt,Photography and illustrations,Multiple daily,Ancient Egyptian civilization,High,Popular niche; Visual appeal,Sponsored posts; Museum partnerships,Animated ancient Egypt; More dynamic
@historyofancientrome,Ancient Rome History,750000+,Ancient Rome,Photography and art,Multiple daily,Roman Empire,High,Popular niche; Educational,Sponsored posts; Book promotions,Animated Roman history; More engaging
@historyofancientgreece,Ancient Greece History,700000+,Ancient Greece,Photography and art,Multiple daily,Ancient Greek civilization,High,Popular niche; Educational,Sponsored posts; Educational partnerships,Animated Greek history; More dynamic
@historyofvikings,Viking History,650000+,Viking history,Photography and illustrations,Multiple daily,Viking culture and history,High,Popular niche; Engaging content,Sponsored posts; Book promotions,Animated Viking history; More engaging
@historyofsamurai,Samurai History,600000+,Samurai history,Art and photography,Multiple daily,Japanese samurai culture,High,Popular niche; Visual appeal,Sponsored posts; Cultural partnerships,Animated samurai history; More dynamic
@historyofpirates,Pirate History,550000+,Pirate history,Illustrations and photos,Multiple daily,Pirate history,High,Popular niche; Engaging content,Sponsored posts; Book promotions,Animated pirate history; More engaging
@historyofknights,Knight History,500000+,Medieval knights,Art and photography,Multiple daily,Medieval knighthood,Medium-High,Popular niche; Visual appeal,Sponsored posts,Animated knight history; More dynamic
@historyofcastles,Castle History,450000+,Castle history,Photography,Multiple daily,Medieval castles,Medium-High,Visual appeal; Niche audience,Sponsored posts; Travel partnerships,Animated castle history; More engaging
@historyofweapons,Weapon History,400000+,Weapon history,Photos and illustrations,Multiple daily,Historical weapons,High,Niche focus; Detailed content,Sponsored posts; Museum partnerships,Animated weapon history; More dynamic
@historyofroyalty,Royal History,350000+,Royal history,Portraits and photos,Multiple daily,Royal families and monarchs,Medium-High,Popular topic; Visual appeal,Sponsored posts; Book promotions,Animated royal history; More engaging
@historyofempires,Empire History,320000+,Empire history,Photos and maps,Multiple daily,Historical empires,Medium,Educational focus; Broad topics,Sponsored posts,Animated empire history; More dynamic
@historyofrevolutions,Revolution History,300000+,Revolution history,Photos and graphics,Multiple daily,Historical revolutions,Medium-High,Educational; Important topics,Sponsored posts; Educational partnerships,Animated revolution history; More engaging
@historyofinventions,Invention History,280000+,Invention history,Photos and illustrations,Multiple daily,Historical inventions,Medium-High,Educational; Modern relevance,Sponsored posts; Educational partnerships,Animated invention history; More dynamic
@historyofdiscoveries,Discovery History,260000+,Discovery history,Photos and maps,Multiple daily,Historical discoveries,Medium,Educational focus; Adventure appeal,Sponsored posts,Animated discovery history; More engaging
@historyofmysteries,History Mysteries,240000+,Historical mysteries,Photos and graphics,Multiple daily,Unsolved historical mysteries,High,Engaging topic; Intrigue,Sponsored posts; Book promotions,Animated mystery history; More dynamic
@historyofconspiracies,History Conspiracies,220000+,Historical conspiracies,Photos and graphics,Multiple daily,Historical conspiracy theories,High,Engaging topic; Controversial,Sponsored posts; Book promotions,Animated conspiracy history; More engaging
@historyofwars,War History,200000+,War history,Photography and maps,Multiple daily,Historical wars,High,Niche focus; Detailed content,Sponsored posts; Book promotions,Animated war history; More dynamic
@historyofbattles,Battle History,180000+,Battle history,Photos and maps,Multiple daily,Historical battles,High,Niche focus; Detailed content,Sponsored posts; Book promotions,Animated battle history; More engaging
@historyofleaders,Leader History,160000+,Leader history,Portraits and photos,Multiple daily,Historical leaders,Medium-High,Biographical focus; Educational,Sponsored posts; Book promotions,Animated leader history; More dynamic
@historyofheroes,Hero History,140000+,Hero history,Photos and illustrations,Multiple daily,Historical heroes,Medium-High,Inspirational; Educational,Sponsored posts,Animated hero history; More engaging
@historyofvillains,Villain History,120000+,Villain history,Portraits and photos,Multiple daily,Historical villains,High,Engaging topic; Controversial,Sponsored posts; Book promotions,Animated villain history; More dynamic
@historyofgeniuses,Genius History,110000+,Genius history,Portraits and photos,Multiple daily,Historical geniuses,Medium,Educational focus; Inspirational,Sponsored posts; Educational partnerships,Animated genius history; More engaging
@historyofartists,Artist History,100000+,Artist history,Artwork and photos,Multiple daily,Historical artists,Medium,Art-focused; Educational,Sponsored posts; Museum partnerships,Animated artist history; More dynamic
@historyofwriters,Writer History,95000+,Writer history,Photos and book covers,Multiple daily,Historical writers,Medium,Literature-focused; Educational,Affiliate marketing; Book promotions,Animated writer history; More engaging
@historyofscientists,Scientist History,90000+,Scientist history,Photos and illustrations,Multiple daily,Historical scientists,Medium-High,Educational focus; Inspirational,Sponsored posts; Educational partnerships,Animated scientist history; More dynamic
@historyofexplorers,Explorer History,85000+,Explorer history,Photos and maps,Multiple daily,Historical explorers,Medium,Adventure-focused; Educational,Sponsored posts; Travel partnerships,Animated explorer history; More engaging
@historyofwarriors,Warrior History,80000+,Warrior history,Art and photos,Multiple daily,Historical warriors,Medium-High,Action-focused; Engaging,Sponsored posts,Animated warrior history; More dynamic
@historyofqueens,Queen History,75000+,Queen history,Portraits and photos,Multiple daily,Historical queens,Medium-High,Popular topic; Visual appeal,Sponsored posts; Book promotions,Animated queen history; More engaging
@historyofkings,King History,70000+,King history,Portraits and photos,Multiple daily,Historical kings,Medium-High,Popular topic; Visual appeal,Sponsored posts; Book promotions,Animated king history; More dynamic
@historyofemperors,Emperor History,65000+,Emperor history,Portraits and photos,Multiple daily,Historical emperors,Medium,Educational focus; Visual appeal,Sponsored posts,Animated emperor history; More engaging
@historyofpresidents,President History,60000+,President history,Photos and portraits,Multiple daily,Historical presidents,Medium,Educational focus; Political relevance,Sponsored posts; Educational partnerships,Animated president history; More dynamic
@historyofpopes,Pope History,55000+,Pope history,Portraits and photos,Multiple daily,Historical popes,Medium,Religious focus; Educational,Sponsored posts,Animated pope history; More engaging
@historyofpharaohs,Pharaoh History,500000+,Pharaoh history,Photos and art,Multiple daily,Ancient Egyptian pharaohs,High,Popular niche; Visual appeal,Sponsored posts; Museum partnerships,Animated pharaoh history; More dynamic
@historyofgladiators,Gladiator History,450000+,Gladiator history,Art and photos,Multiple daily,Roman gladiators,High,Popular niche; Engaging content,Sponsored posts; Book promotions,Animated gladiator history; More engaging
@historyofspartans,Spartan History,400000+,Spartan history,Art and photos,Multiple daily,Ancient Spartans,High,Popular niche; Engaging content,Sponsored posts; Book promotions,Animated Spartan history; More dynamic
@historyofninjas,Ninja History,350000+,Ninja history,Art and photos,Multiple daily,Japanese ninjas,High,Popular niche; Engaging content,Sponsored posts; Cultural partnerships,Animated ninja history; More dynamic
@historyofmummies,Mummy History,300000+,Mummy history,Photos and illustrations,Multiple daily,Ancient mummies,High,Popular niche; Intrigue,Sponsored posts; Museum partnerships,Animated mummy history; More engaging
@historyoftreasure,Treasure History,280000+,Treasure history,Photos and illustrations,Multiple daily,Historical treasures,High,Engaging topic; Adventure appeal,Sponsored posts; Book promotions,Animated treasure history; More dynamic
@historyoflostcities,Lost City History,260000+,Lost city history,Photos and illustrations,Multiple daily,Lost ancient cities,High,Engaging topic; Mystery appeal,Sponsored posts; Book promotions,Animated lost city history; More engaging
@historyofshipwrecks,Shipwreck History,240000+,Shipwreck history,Photos and illustrations,Multiple daily,Historical shipwrecks,Medium-High,Engaging topic; Adventure appeal,Sponsored posts; Book promotions,Animated shipwreck history; More dynamic
@historyofpirates,Pirate History,220000+,Pirate history,Illustrations and photos,Multiple daily,Pirate history,High,Popular niche; Engaging content,Sponsored posts; Book promotions,Animated pirate history; More engaging
@historyofmyths,Myth History,200000+,Myth history,Art and illustrations,Multiple daily,Historical myths,Medium-High,Engaging topic; Educational,Sponsored posts; Book promotions,Animated myth history; More dynamic
@historyoflegends,Legend History,180000+,Legend history,Art and illustrations,Multiple daily,Historical legends,Medium-High,Engaging topic; Educational,Sponsored posts; Book promotions,Animated legend history; More engaging
@historyoffolklore,Folklore History,160000+,Folklore history,Art and illustrations,Multiple daily,Historical folklore,Medium,Cultural focus; Educational,Sponsored posts; Cultural partnerships,Animated folklore history; More dynamic
@historyofmythology,Mythology History,140000+,Mythology history,Art and illustrations,Multiple daily,World mythology,Medium-High,Engaging topic; Educational,Sponsored posts; Book promotions,Animated mythology history; More engaging
@historyofgods,God History,120000+,God history,Art and illustrations,Multiple daily,Historical gods and deities,Medium-High,Engaging topic; Educational,Sponsored posts; Book promotions,Animated god history; More dynamic
@historyofgoddesses,Goddess History,110000+,Goddess history,Art and illustrations,Multiple daily,Historical goddesses,Medium-High,Engaging topic; Educational,Sponsored posts; Book promotions,Animated goddess history; More engaging
@historyofmonsters,Monster History,100000+,Monster history,Art and illustrations,Multiple daily,Historical monsters and creatures,High,Engaging topic; Popular appeal,Sponsored posts; Book promotions,Animated monster history; More dynamic
@historyofdragons,Dragon History,95000+,Dragon history,Art and illustrations,Multiple daily,Dragon history and mythology,High,Popular topic; Engaging content,Sponsored posts; Book promotions,Animated dragon history; More engaging
@historyofmagic,Magic History,90000+,Magic history,Art and illustrations,Multiple daily,Historical magic and witchcraft,High,Engaging topic; Popular appeal,Sponsored posts; Book promotions,Animated magic history; More dynamic
@historyofwitchcraft,Witchcraft History,85000+,Witchcraft history,Art and illustrations,Multiple daily,Witchcraft history,High,Engaging topic; Popular appeal,Sponsored posts; Book promotions,Animated witchcraft history; More engaging
@historyofalchemy,Alchemy History,80000+,Alchemy history,Art and illustrations,Multiple daily,Historical alchemy,Medium,Educational focus; Niche audience,Sponsored posts; Book promotions,Animated alchemy history; More dynamic
@historyofastrology,Astrology History,75000+,Astrology history,Art and illustrations,Multiple daily,Astrology history,Medium-High,Popular topic; Modern relevance,Sponsored posts; Book promotions,Animated astrology history; More engaging
@historyofastronomy,Astronomy History,70000+,Astronomy history,Photos and illustrations,Multiple daily,Astronomical history,Medium-High,Educational focus; Modern relevance,Sponsored posts; Space organization partnerships,Animated astronomy history; More dynamic
@historyofmathematics,Mathematics History,65000+,Math history,Photos and illustrations,Multiple daily,Mathematical history,Medium,Educational focus; Niche audience,Sponsored posts; Educational partnerships,Animated math history; More engaging
@historyofphysics,Physics History,60000+,Physics history,Photos and illustrations,Multiple daily,Physics history,Medium,Educational focus; Niche audience,Sponsored posts; Educational partnerships,Animated physics history; More dynamic
@historyofchemistry,Chemistry History,55000+,Chemistry history,Photos and illustrations,Multiple daily,Chemistry history,Medium,Educational focus; Niche audience,Sponsored posts; Educational partnerships,Animated chemistry history; More engaging
@historyofbiology,Biology History,50000+,Biology history,Photos and illustrations,Multiple daily,Biology history,Medium,Educational focus; Niche audience,Sponsored posts; Educational partnerships,Animated biology history; More dynamic
@historyofgeology,Geology History,45000+,Geology history,Photos and illustrations,Multiple daily,Geology history,Medium,Educational focus; Niche audience,Sponsored posts; Educational partnerships,Animated geology history; More engaging
@historyofpaleontology,Paleontology History,40000+,Paleontology history,Photos and illustrations,Multiple daily,Paleontology history,Medium-High,Popular topic; Visual appeal,Sponsored posts; Museum partnerships,Animated paleontology history; More dynamic
@historyofarchaeology,Archaeology History,35000+,Archaeology history,Photos and illustrations,Multiple daily,Archaeology history,Medium-High,Educational focus; Adventure appeal,Sponsored posts; Museum partnerships,Animated archaeology history; More engaging
@historyofanthropology,Anthropology History,30000+,Anthropology history,Photos and illustrations,Multiple daily,Anthropology history,Medium,Educational focus; Niche audience,Sponsored posts; Educational partnerships,Animated anthropology history; More dynamic
@historyofpsychology,Psychology History,28000+,Psychology history,Photos and illustrations,Multiple daily,Psychology history,Medium-High,Popular topic; Modern relevance,Sponsored posts; Educational partnerships,Animated psychology history; More engaging
@historyofsociology,Sociology History,26000+,Sociology history,Photos and illustrations,Multiple daily,Sociology history,Medium,Educational focus; Niche audience,Sponsored posts; Educational partnerships,Animated sociology history; More dynamic
@historyofeconomics,Economics History,24000+,Economics history,Photos and graphics,Multiple daily,Economics history,Medium,Educational focus; Modern relevance,Sponsored posts; Educational partnerships,Animated economics history; More engaging
@historyofpolitics,Politics History,22000+,Politics history,Photos and graphics,Multiple daily,Political history,Medium-High,Modern relevance; Educational,Sponsored posts; Educational partnerships,Animated political history; More dynamic
@historyoflaw,Law History,20000+,Law history,Photos and graphics,Multiple daily,Legal history,Medium,Educational focus; Niche audience,Sponsored posts; Educational partnerships,Animated law history; More engaging
@historyofeducation,Education History,18000+,Education history,Photos and graphics,Multiple daily,Education history,Medium,Educational focus; Niche audience,Sponsored posts; Educational partnerships,Animated education history; More dynamic
@historyofjournalism,Journalism History,16000+,Journalism history,Photos and graphics,Multiple daily,Journalism history,Medium,Educational focus; Modern relevance,Sponsored posts; Educational partnerships,Animated journalism history; More engaging
@historyofadvertising,Advertising History,14000+,Advertising history,Photos and graphics,Multiple daily,Advertising history,Medium,Educational focus; Modern relevance,Sponsored posts; Brand partnerships,Animated advertising history; More dynamic
@historyofmarketing,Marketing History,12000+,Marketing history,Photos and graphics,Multiple daily,Marketing history,Medium,Educational focus; Modern relevance,Sponsored posts; Brand partnerships,Animated marketing history; More engaging
@historyofbusiness,Business History,11000+,Business history,Photos and graphics,Multiple daily,Business history,Medium,Educational focus; Modern relevance,Sponsored posts; Brand partnerships,Animated business history; More dynamic
@historyofbanking,Banking History,10000+,Banking history,Photos and graphics,Multiple daily,Banking history,Medium,Educational focus; Niche audience,Sponsored posts; Financial partnerships,Animated banking history; More engaging
@historyofmoney,Money History,9500+,Money history,Photos and graphics,Multiple daily,Money and currency history,Medium-High,Educational focus; Visual appeal,Sponsored posts; Financial partnerships,Animated money history; More dynamic
@historyofcoins,Coin History,9000+,Coin history,Photos of coins,Multiple daily,Coin history,Medium,Collector-focused; Niche audience,Sponsored posts; Collector partnerships,Animated coin history; More engaging
@historyofstamps,Stamp History,8500+,Stamp history,Photos of stamps,Multiple daily,Stamp history,Medium,Collector-focused; Niche audience,Sponsored posts; Collector partnerships,Animated stamp history; More dynamic
@historyofcollectibles,Collectible History,8000+,Collectible history,Photos of collectibles,Multiple daily,Collectible history,Medium,Collector-focused; Niche audience,Sponsored posts; Collector partnerships,Animated collectible history; More engaging
@historyofantiques,Antique History,7500+,Antique history,Photos of antiques,Multiple daily,Antique history,Medium,Collector-focused; Niche audience,Sponsored posts; Antique dealer partnerships,Animated antique history; More dynamic
@historyofvintage,Vintage History,7000+,Vintage history,Photos of vintage items,Multiple daily,Vintage history,Medium-High,Popular topic; Visual appeal,Sponsored posts; Vintage brand partnerships,Animated vintage history; More engaging
@historyofretro,Retro History,6500+,Retro history,Photos of retro items,Multiple daily,Retro history,Medium-High,Popular topic; Visual appeal,Sponsored posts; Retro brand partnerships,Animated retro history; More dynamic
@historyofnostalgia,Nostalgia History,6000+,Nostalgia history,Photos and graphics,Multiple daily,Nostalgic historical content,Medium-High,Emotional appeal; Popular,Sponsored posts; Brand partnerships,Animated nostalgia history; More engaging
@historyofmemories,Memory History,5500+,Memory history,Photos and graphics,Multiple daily,Historical memories,Medium,Emotional appeal; Personal stories,Sponsored posts,Animated memory history; More dynamic
@historyofstories,Story History,5000+,Story history,Photos and graphics,Multiple daily,Historical stories,Medium,Storytelling format; Educational,Sponsored posts; Book promotions,Animated story history; More engaging
@historyoftales,Tale History,4500+,Tale history,Photos and graphics,Multiple daily,Historical tales,Medium,Storytelling format; Educational,Sponsored posts; Book promotions,Animated tale history; More dynamic
@historyoflegends,Legend History,4000+,Legend history,Art and illustrations,Multiple daily,Historical legends,Medium-High,Engaging topic; Educational,Sponsored posts; Book promotions,Animated legend history; More engaging
@historyofmyths,Myth History,3500+,Myth history,Art and illustrations,Multiple daily,Historical myths,Medium-High,Engaging topic; Educational,Sponsored posts; Book promotions,Animated myth history; More dynamic
@historyoffables,Fable History,3000+,Fable history,Art and illustrations,Multiple daily,Historical fables,Medium,Educational focus; Storytelling,Sponsored posts; Book promotions,Animated fable history; More engaging
@historyofparables,Parable History,2500+,Parable history,Art and illustrations,Multiple daily,Historical parables,Medium,Educational focus; Religious/cultural,Sponsored posts; Book promotions,Animated parable history; More dynamic
@historyofproverbs,Proverb History,2000+,Proverb history,Text and graphics,Multiple daily,Historical proverbs,Medium,Educational focus; Wisdom-focused,Sponsored posts; Book promotions,Animated proverb history; More engaging
@historyofquotes,Quote History,1500+,Quote history,Text and graphics,Multiple daily,Historical quotes,Medium-High,Popular format; Shareable,Sponsored posts; Book promotions,Animated quote history; More dynamic
@historyofsayings,Saying History,1000+,Saying history,Text and graphics,Multiple daily,Historical sayings,Medium,Educational focus; Wisdom-focused,Sponsored posts; Book promotions,Animated saying history; More engaging
