Provider Name,UKPRN,Training Options,Employer Reviews,Apprentice Reviews,Achievement Rate,Detail URL
HARTLEPOOL COLLEGE OF FURTHER EDUCATION,10002917,Day release,Good (1 employer review),Good (19 apprentice reviews),100% (out of 10 apprentices),https://findapprenticeshiptraining.apprenticeships.education.gov.uk/courses/104/providers/10002917?distance=10
WIGAN AND LEIGH COLLEGE,10007500,At apprentice's workplace,Good (3 employer reviews),Good (26 apprentice reviews),100% (out of 10 apprentices),https://findapprenticeshiptraining.apprenticeships.education.gov.uk/courses/104/providers/10007500?distance=10
EAST SUSSEX COUNTY COUNCIL,10002131,At apprentice's workplace,No reviews,No reviews,100% (out of 10 apprentices),https://findapprenticeshiptraining.apprenticeships.education.gov.uk/courses/104/providers/10002131?distance=10
DERWENTSIDE COLLEGE,10001934,At apprentice's workplace,Excellent (5 employer reviews),Good (47 apprentice reviews),93.8% (out of 20 apprentices),https://findapprenticeshiptraining.apprenticeships.education.gov.uk/courses/104/providers/10001934?distance=10
PMA LTD,10061640,At apprentice's workplace,No reviews,Good (12 apprentice reviews),92.9% (out of 10 apprentices),https://findapprenticeshiptraining.apprenticeships.education.gov.uk/courses/104/providers/10061640?distance=10
THE EDUCATION TRAINING COLLECTIVE,10006341,At apprentice's workplace; Day release,Excellent (1 employer review),Good (18 apprentice reviews),90% (out of 10 apprentices),https://findapprenticeshiptraining.apprenticeships.education.gov.uk/courses/104/providers/10006341?distance=10
UNIVERSITY OF EXETER,10007792,At apprentice's workplace; Block release,Excellent (4 employer reviews),Good (81 apprentice reviews),89.7% (out of 30 apprentices),https://findapprenticeshiptraining.apprenticeships.education.gov.uk/courses/104/providers/10007792?distance=10
ADALTA DEVELOPMENT LTD,10043865,At apprentice's workplace,No reviews,No reviews,87.5% (out of 20 apprentices),https://findapprenticeshiptraining.apprenticeships.education.gov.uk/courses/104/providers/10043865?distance=10
BLACKPOOL AND THE FYLDE COLLEGE,10000754,At apprentice's workplace; Day release; Block release,Excellent (2 employer reviews),Good (35 apprentice reviews),85.7% (out of 40 apprentices),https://findapprenticeshiptraining.apprenticeships.education.gov.uk/courses/104/providers/10000754?distance=10
BAUER RADIO LIMITED,10002230,At apprentice's workplace; Day release; Block release; Block release (multiple locations); Day release (multiple locations),Excellent (3 employer reviews),Good (16 apprentice reviews),85.7% (out of 10 apprentices),https://findapprenticeshiptraining.apprenticeships.education.gov.uk/courses/104/providers/10002230?distance=10
BPIF TRAINING LIMITED,10034212,At apprentice's workplace; Day release; Block release,Excellent (1 employer review),Good (11 apprentice reviews),85.7% (out of 10 apprentices),https://findapprenticeshiptraining.apprenticeships.education.gov.uk/courses/104/providers/10034212?distance=10
RNN GROUP,10005534,At apprentice's workplace,Excellent (1 employer review),No reviews,85.7% (out of 10 apprentices),https://findapprenticeshiptraining.apprenticeships.education.gov.uk/courses/104/providers/10005534?distance=10
CALDERDALE COLLEGE,10001093,Day release,Good (3 employer reviews),Good (7 apprentice reviews),85% (out of 20 apprentices),https://findapprenticeshiptraining.apprenticeships.education.gov.uk/courses/104/providers/10001093?distance=10
HAVANT AND SOUTH DOWNS COLLEGE,10005979,At apprentice's workplace; Day release,Excellent (2 employer reviews),Good (7 apprentice reviews),84.6% (out of 10 apprentices),https://findapprenticeshiptraining.apprenticeships.education.gov.uk/courses/104/providers/10005979?distance=10
Learn Plus Us,10028965,At apprentice's workplace,Good (1 employer review),Good (8 apprentice reviews),84.6% (out of 10 apprentices),https://findapprenticeshiptraining.apprenticeships.education.gov.uk/courses/104/providers/10028965?distance=10
NATIONAL BUSINESS COLLEGE LIMITED,10004499,At apprentice's workplace; Day release,Excellent (7 employer reviews),Excellent (7 apprentice reviews),83.3% (out of 10 apprentices),https://findapprenticeshiptraining.apprenticeships.education.gov.uk/courses/104/providers/10004499?distance=10
HULL COLLEGE,10003200,Day release,Excellent (1 employer review),Good (13 apprentice reviews),83.3% (out of 10 apprentices),https://findapprenticeshiptraining.apprenticeships.education.gov.uk/courses/104/providers/10003200?distance=10
KINGSTON UPON HULL CITY COUNCIL,10003198,Day release,Good (3 employer reviews),Excellent (7 apprentice reviews),83.3% (out of 10 apprentices),https://findapprenticeshiptraining.apprenticeships.education.gov.uk/courses/104/providers/10003198?distance=10
DAWN HODGE ASSOCIATES LIMITED,10022117,At apprentice's workplace,Good (1 employer review),Excellent (23 apprentice reviews),83.3% (out of 10 apprentices),https://findapprenticeshiptraining.apprenticeships.education.gov.uk/courses/104/providers/10022117?distance=10
PARTNERSHIP TRAINING LIMITED,10036548,At apprentice's workplace,No reviews,Excellent (37 apprentice reviews),83.3% (out of 10 apprentices),https://findapprenticeshiptraining.apprenticeships.education.gov.uk/courses/104/providers/10036548?distance=10
CRAVEN COLLEGE,10001743,At apprentice's workplace,No reviews,Good (5 apprentice reviews),83.3% (out of 10 apprentices),https://findapprenticeshiptraining.apprenticeships.education.gov.uk/courses/104/providers/10001743?distance=10
ACHIEVING FOR CHILDREN COMMUNITY INTEREST COMPANY,10047071,At apprentice's workplace,No reviews,No reviews,83.3% (out of 10 apprentices),https://findapprenticeshiptraining.apprenticeships.education.gov.uk/courses/104/providers/10047071?distance=10
AXIA SOLUTIONS LIMITED,10000470,At apprentice's workplace; Day release,Excellent (1 employer review),Excellent (9 apprentice reviews),81.8% (out of 10 apprentices),https://findapprenticeshiptraining.apprenticeships.education.gov.uk/courses/104/providers/10000470?distance=10
CITY OF SUNDERLAND COLLEGE,10001475,At apprentice's workplace,Excellent (3 employer reviews),Good (27 apprentice reviews),81.8% (out of 10 apprentices),https://findapprenticeshiptraining.apprenticeships.education.gov.uk/courses/104/providers/10001475?distance=10
LINDEN MANAGEMENT (UK) LIMITED,10027616,At apprentice's workplace; Day release; Block release,Excellent (2 employer reviews),Excellent (13 apprentice reviews),80% (out of 30 apprentices),https://findapprenticeshiptraining.apprenticeships.education.gov.uk/courses/104/providers/10027616?distance=10
CITY SKILLS LIMITED,10065422,At apprentice's workplace; Day release; Block release; Block release (multiple locations); Day release (multiple locations),Excellent (17 employer reviews),Excellent (35 apprentice reviews),80% (out of 10 apprentices),https://findapprenticeshiptraining.apprenticeships.education.gov.uk/courses/104/providers/10065422?distance=10
THE TRAFFORD AND STOCKPORT COLLEGE GROUP,10005998,At apprentice's workplace,No reviews,Good (14 apprentice reviews),80% (out of 20 apprentices),https://findapprenticeshiptraining.apprenticeships.education.gov.uk/courses/104/providers/10005998?distance=10
CHESTERFIELD COLLEGE,10001378,At apprentice's workplace,Excellent (24 employer reviews),Good (56 apprentice reviews),78.9% (out of 20 apprentices),https://findapprenticeshiptraining.apprenticeships.education.gov.uk/courses/104/providers/10001378?distance=10
MIDDLESBROUGH COLLEGE,10004344,Day release,Good (1 employer review),Good (15 apprentice reviews),78.9% (out of 20 apprentices),https://findapprenticeshiptraining.apprenticeships.education.gov.uk/courses/104/providers/10004344?distance=10
ESSEX COUNTY COUNCIL,10002327,Day release,No reviews,Good (11 apprentice reviews),78.6% (out of 10 apprentices),https://findapprenticeshiptraining.apprenticeships.education.gov.uk/courses/104/providers/10002327?distance=10
ASPIRE DEVELOPMENT (UK) LTD,10054055,At apprentice's workplace,No reviews,Excellent (7 apprentice reviews),78.3% (out of 20 apprentices),https://findapprenticeshiptraining.apprenticeships.education.gov.uk/courses/104/providers/10054055?distance=10
MILLBROOK MANAGEMENT SERVICES LIMITED,10005264,At apprentice's workplace; Day release; Day release (multiple locations),No reviews,No reviews,78.3% (out of 20 apprentices),https://findapprenticeshiptraining.apprenticeships.education.gov.uk/courses/104/providers/10005264?distance=10
DUDLEY COLLEGE OF TECHNOLOGY,10007924,At apprentice's workplace; Day release,Poor (6 employer reviews),Good (35 apprentice reviews),77.8% (out of 20 apprentices),https://findapprenticeshiptraining.apprenticeships.education.gov.uk/courses/104/providers/10007924?distance=10
DN COLLEGES GROUP,10004695,Day release; Day release (multiple locations),Excellent (6 employer reviews),Good (20 apprentice reviews),76.9% (out of 10 apprentices),https://findapprenticeshiptraining.apprenticeships.education.gov.uk/courses/104/providers/10004695?distance=10
ACCIPIO LIMITED,10058012,At apprentice's workplace; Day release; Block release,Excellent (6 employer reviews),Excellent (15 apprentice reviews),76.6% (out of 50 apprentices),https://findapprenticeshiptraining.apprenticeships.education.gov.uk/courses/104/providers/10058012?distance=10
UNIVERSITY OF LINCOLN,10007151,Block release,Excellent (1 employer review),Good (47 apprentice reviews),76.3% (out of 40 apprentices),https://findapprenticeshiptraining.apprenticeships.education.gov.uk/courses/104/providers/10007151?distance=10
FUEL LEARNING LIMITED,10058111,At apprentice's workplace; Day release,No reviews,Excellent (47 apprentice reviews),76% (out of 150 apprentices),https://findapprenticeshiptraining.apprenticeships.education.gov.uk/courses/104/providers/10058111?distance=10
CORNDEL LIMITED,10061407,At apprentice's workplace; Day release; Block release; Block release (multiple locations); Day release (multiple locations),Excellent (10 employer reviews),Excellent (326 apprentice reviews),75.3% (out of 1360 apprentices),https://findapprenticeshiptraining.apprenticeships.education.gov.uk/courses/104/providers/10061407?distance=10
COVENTRY AND WARWICKSHIRE CHAMBERS OF COMMERCE TRAINING LIMITED,10001309,Day release,Excellent (2 employer reviews),Good (14 apprentice reviews),75% (out of 10 apprentices),https://findapprenticeshiptraining.apprenticeships.education.gov.uk/courses/104/providers/10001309?distance=10
WHYY? CHANGE LIMITED,10054584,Day release,No reviews,Excellent (7 apprentice reviews),75% (out of 10 apprentices),https://findapprenticeshiptraining.apprenticeships.education.gov.uk/courses/104/providers/10054584?distance=10
SPORT STRUCTURES EDUCATION COMMUNITY INTEREST COMPANY,10032648,At apprentice's workplace; Day release; Block release,No reviews,No reviews,75% (out of 10 apprentices),https://findapprenticeshiptraining.apprenticeships.education.gov.uk/courses/104/providers/10032648?distance=10
ALWAYS CONSULT LTD,10034128,At apprentice's workplace; Day release; Block release,Excellent (1 employer review),Good (15 apprentice reviews),74.2% (out of 60 apprentices),https://findapprenticeshiptraining.apprenticeships.education.gov.uk/courses/104/providers/10034128?distance=10
CAPTIVA LEARNING LIMITED,10030870,At apprentice's workplace; Day release; Block release,Good (7 employer reviews),Good (80 apprentice reviews),73.9% (out of 200 apprentices),https://findapprenticeshiptraining.apprenticeships.education.gov.uk/courses/104/providers/10030870?distance=10
LEARNMORE NETWORK LIMITED,10045077,At apprentice's workplace,No reviews,Good (43 apprentice reviews),72.9% (out of 90 apprentices),https://findapprenticeshiptraining.apprenticeships.education.gov.uk/courses/104/providers/10045077?distance=10
Capital City College Group,10007455,At apprentice's workplace; Day release; Block release; Block release (multiple locations); Day release (multiple locations),Excellent (1 employer review),Good (42 apprentice reviews),72.7% (out of 10 apprentices),https://findapprenticeshiptraining.apprenticeships.education.gov.uk/courses/104/providers/10007455?distance=10
GLOUCESTERSHIRE ENTERPRISE LIMITED,10001041,Day release,Excellent (1 employer review),No reviews,72.2% (out of 20 apprentices),https://findapprenticeshiptraining.apprenticeships.education.gov.uk/courses/104/providers/10001041?distance=10
INSTEP UK LIMITED,10003317,At apprentice's workplace,No reviews,Good (57 apprentice reviews),71.7% (out of 150 apprentices),https://findapprenticeshiptraining.apprenticeships.education.gov.uk/courses/104/providers/10003317?distance=10
BRIDGWATER AND TAUNTON COLLEGE,10000878,Day release,Excellent (4 employer reviews),Good (53 apprentice reviews),71.4% (out of 10 apprentices),https://findapprenticeshiptraining.apprenticeships.education.gov.uk/courses/104/providers/10000878?distance=10
NEW CITY COLLEGE,10006963,Day release,Excellent (2 employer reviews),Good (6 apprentice reviews),71.4% (out of 10 apprentices),https://findapprenticeshiptraining.apprenticeships.education.gov.uk/courses/104/providers/10006963?distance=10
