Name,Category,Address,Rating,Latest report,URN,Provider URL
"100% Effective Limited","Independent Learning Provider","1 Parkview Court, St Pauls Road, Shipley, West Yorkshire, BD18 3DZ",,"23 April 2025","2804855","https://reports.ofsted.gov.uk/provider/33/2804855"
"1st 2 Achieve Training Limited","Independent Learning Provider","4 Paddock Road, Skelmersdale, West Lancashire, WN8 9PL","Requires Improvement","25 September 2024","2625245","https://reports.ofsted.gov.uk/provider/33/2625245"
"2 Start Limited","Independent Learning Provider","2 Start ltd Unit 2 Four Dells farm, Poles lane, Otterbourne, Hampshire, SO21 2DY","Good","27 August 2025","2741622","https://reports.ofsted.gov.uk/provider/33/2741622"
"2Schools Consortium","Initial Teacher Education","Oakthorpe Primary School, Tile Kiln Lane, London, N13 6BY",,"28 March 2023","70178","https://reports.ofsted.gov.uk/provider/41/70178"
"3 Counties Accounts Training Service Ltd","Independent Learning Provider","60 High Street, Carlby, Stamford, Lincolnshire, PE9 4LX",,,"2848474","https://reports.ofsted.gov.uk/provider/33/2848474"
"3 Spirit Enterprise UK Limited","Independent Learning Provider","14 Maylands Business Centre, Redbourn Road, Hemel Hempstead, Dacorum, HP2 7ES","Good","04 July 2024","2654133","https://reports.ofsted.gov.uk/provider/33/2654133"
"3D 360 Limited","Independent Learning Provider","da Vinci House, 128A Bradshawgate, Leigh, WN7 4NP","Good","06 October 2025","2748164","https://reports.ofsted.gov.uk/provider/33/2748164"
"3T Training Services Limited","Independent Learning Provider","11-12, Jupiter Court, Orion Business Park, North Shields, Tyne And Wear, NE29 7SE",,"05 September 2025","2804833","https://reports.ofsted.gov.uk/provider/33/2804833"
"5 E Ltd.","Independent Learning Provider","Selby Centre, Selby Road, N17 8JL","Good","17 July 2024","50257","https://reports.ofsted.gov.uk/provider/33/50257"
"8Point8 Training Limited","Independent Learning Provider","Unit 11, Yorkshire Way West Moor Park, Armthorpe, Doncaster, DN3 3FE","Good","19 September 2023","2654168","https://reports.ofsted.gov.uk/provider/33/2654168"